"","ID","name","year","total_enrollment","female","asian","black","hispanic","multi_racial","native_american","white","disability","ESL","poverty","elementary","middle","high","mean_class_size","resp_rate_parent","outsiders_parent","resp_rate_student","outsiders_student","resp_rate_teacher","outsiders_teacher"
"1","01M034","P.S. 034 Franklin D. Roosevelt","2020-21",273,0.462,0.026,0.381,0.557,0.004,0.004,0.029,0.392,0.062,0.95,0.435897435897436,0.494505494505495,0,20.3888888888889,0.17,0.06,0.75,0.24,0.74,0.12
"2","01M140","P.S. 140 Nathan Straus","2020-21",358,0.466,0.02,0.212,0.729,0,0.003,0.036,0.372,0.073,0.95,0.430167597765363,0.513966480446927,0,19.8030303030303,0.08,0,0.51,0.07,0.54,0.05
"3","01M184","P.S. 184m Shuang Wen","2020-21",721,0.487,0.693,0.032,0.115,0.068,0.004,0.085,0.154,0.157,0.67,0.464632454923717,0.431345353675451,0,24.2962962962963,0.38,0.04,0.87,0.12,0.49,0.12
"4","01M188","P.S. 188 The Island School","2020-21",370,0.441,0.038,0.324,0.597,0.005,0.005,0.03,0.332,0.086,0.95,0.52972972972973,0.418918918918919,0,19.3166666666667,0.34,0.02,0.7,0,0.64,0.04
"5","01M332","University Neighborhood Middle School","2020-21",207,0.377,0.053,0.198,0.643,0,0.005,0.101,0.425,0.039,0.79,0,1,0,16.625,0.31,0.13,0.59,0.13,0.94,0
"6","01M378","School for Global Leaders","2020-21",185,0.438,0.076,0.184,0.622,0.022,0.011,0.086,0.351,0.124,0.86,0,1,0,21.6111111111111,0.07,0.25,0.43,0.2,0.63,0.33
"7","01M450","East Side Community School","2020-21",681,0.479,0.079,0.147,0.549,0.018,0.007,0.2,0.273,0.013,0.66,0,0.44640234948605,0.55359765051395,11.5912698412698,0.59,0.04,0.63,0.11,0.56,0
"8","01M539","New Explorations into Science, Technology and Math","2020-21",1791,0.509,0.348,0.062,0.116,0.087,0.003,0.381,0.125,0.017,0.23,0.33500837520938,0.238972640982691,0.370742601898381,29.21,0.37,0.04,0.8,0.15,0.74,0.03
"9","01M839","Tompkins Square Middle School","2020-21",354,0.5,0.169,0.15,0.441,0.017,0.003,0.22,0.285,0.042,0.66,0,1,0,27.0555555555556,0.34,0.07,0.65,0.09,0.57,0
"10","02M104","J.H.S. 104 Simon Baruch","2020-21",1017,0.472,0.393,0.064,0.168,0.04,0.002,0.322,0.163,0.041,0.43,0,1,0,22.4107142857143,0.35,0.06,0.85,0.13,0.97,0.02
"11","02M114","East Side Middle School","2020-21",435,0.559,0.198,0.037,0.115,0.048,0.007,0.575,0.189,0.002,0.16,0,1,0,27.9444444444444,0.23,0.05,0.87,0.13,1,0
"12","02M126","P.S. 126 Jacob August Riis","2020-21",677,0.473,0.644,0.092,0.171,0.035,0,0.058,0.223,0.124,0.75,0.440177252584934,0.514032496307238,0,23.1574074074074,0.07,0.02,0.76,0.09,0.67,0.05
"13","02M131","M.S. 131","2020-21",252,0.444,0.611,0.143,0.214,0.004,0,0.028,0.298,0.27,0.86,0,1,0,20.2333333333333,0.13,0.06,0.49,0.21,0.77,0
"14","02M167","J.H.S. 167 Robert F. Wagner","2020-21",1275,0.467,0.185,0.08,0.164,0.042,0.005,0.514,0.16,0.042,0.33,0,1,0,26.0972222222222,0.17,0.11,0.53,0.13,0.52,0.05
"15","02M177","Yorkville East Middle School","2020-21",240,0.475,0.104,0.083,0.188,0.038,0,0.558,0.267,0.021,0.26,0,1,0,26.1,0.26,0.05,0.3,0.16,0.64,0
"16","02M217","P.S./I.S. 217 Roosevelt Island","2020-21",620,0.539,0.319,0.095,0.158,0.06,0.003,0.365,0.123,0.155,0.28,0.691935483870968,0.141935483870968,0,28.4333333333333,0.61,0.05,0.56,0.2,0.9,0.06
"17","02M225","Ella Baker School","2020-21",343,0.496,0.093,0.143,0.292,0.073,0.032,0.367,0.222,0.012,0.25,0.641399416909621,0.221574344023324,0,18.75,0.32,0,0.67,0.06,0.86,0.04
"18","02M255","M.S. 255 Salk School of Science","2020-21",361,0.626,0.241,0.008,0.102,0.078,0.003,0.565,0.177,0.006,0.15,0,1,0,24.9722222222222,0.5,0.03,0.66,0.05,0.92,0
"19","02M260","The Clinton School","2020-21",791,0.649,0.137,0.034,0.113,0.053,0.005,0.628,0.181,0.003,0.15,0,0.361567635903919,0.638432364096081,31.4166666666667,0.16,0.07,0.22,0.11,0.71,0.05
"20","02M276","Battery Park City School","2020-21",791,0.491,0.228,0.028,0.115,0.094,0,0.535,0.183,0.037,0.14,0.533501896333755,0.361567635903919,0,23.0441176470588,0.33,0.07,0.6,0.13,0.94,0.02
"21","02M289","I.S. 289","2020-21",263,0.475,0.513,0.053,0.19,0.023,0.004,0.209,0.221,0.053,0.55,0,1,0,20.5555555555556,0.33,0.06,0.86,0.13,1,0
"22","02M297","M.S. 297","2020-21",818,0.54,0.087,0.117,0.295,0.043,0.006,0.447,0.22,0.024,0.41,0,1,0,26.125,0.11,0.1,0.03,0.17,0.54,0
"23","02M312","New York City Lab Middle School for Collaborative","2020-21",574,0.488,0.552,0.017,0.07,0.068,0.002,0.275,0.141,0.01,0.26,0,1,0,28.1349206349206,0.35,0.05,0.88,0.08,0.82,0.03
"24","02M347","The 47 American Sign Language & English Lower Scho","2020-21",192,0.521,0.031,0.214,0.479,0.047,0.005,0.219,0.516,0.141,0.66,0.661458333333333,0.229166666666667,0,15.4444444444444,0.26,0.02,0.86,0.2,0.67,0.04
"25","02M397","Spruce Street School","2020-21",492,0.498,0.195,0.039,0.171,0.096,0.01,0.484,0.22,0.03,0.18,0.532520325203252,0.347560975609756,0,23.8235294117647,0.36,0.05,0.78,0.12,0.72,0.07
"26","02M408","Professional Performing Arts High School","2020-21",563,0.718,0.066,0.192,0.226,0.055,0.007,0.43,0.201,0.005,0.33,0,0.161634103019538,0.838365896980462,29.3333333333333,0.11,0.05,0.05,0.14,0.77,0.04
"27","02M413","School of the Future High School","2020-21",735,0.503,0.186,0.116,0.203,0.079,0.007,0.41,0.234,0.019,0.38,0,0.4,0.6,23.3333333333333,0.53,0.07,0.66,0.14,0.67,0.06
"28","02M422","Quest to Learn","2020-21",609,0.422,0.097,0.273,0.422,0.034,0.003,0.163,0.274,0.03,0.68,0,0.380952380952381,0.619047619047619,16.3958333333333,0.18,0.12,0.27,0.16,0.78,0.11
"29","02M442","Ballet Tech, NYC Public School for Dance","2020-21",142,0.57,0.211,0.169,0.211,0.127,0.021,0.261,0.049,0.035,0.46,0.514084507042254,0.485915492957746,0,19,0.47,0,0.69,0.06,0.75,0
"30","02M896","Lower Manhattan Community Middle School","2020-21",378,0.519,0.413,0.069,0.146,0.05,0.005,0.312,0.265,0.053,0.51,0,1,0,29,0.71,0.02,0.93,0.11,1,0
"31","02M933","City Knoll Middle School","2020-21",129,0.442,0.039,0.163,0.667,0,0.008,0.124,0.302,0.163,0.86,0,1,0,17.1666666666667,0.16,0.1,0.8,0.15,1,0.07
"32","03M054","J.H.S. 054 Booker T. Washington","2020-21",828,0.499,0.114,0.083,0.191,0.069,0.011,0.516,0.21,0.028,0.27,0,1,0,27.0261904761905,0.31,0.04,0.31,0.13,0.81,0.02
"33","03M076","P.S. 076 A. Philip Randolph","2020-21",303,0.498,0.01,0.739,0.191,0.01,0.01,0.04,0.241,0.129,0.95,0.514851485148515,0.429042904290429,0,19.05,0.69,0.02,0.4,0.09,0.39,0.11
"34","03M149","P.S. 149 Sojourner Truth","2020-21",203,0.498,0.064,0.547,0.33,0.01,0.015,0.034,0.271,0.128,0.91,0.507389162561576,0.433497536945813,0,19.7222222222222,0.07,0.08,0.44,0.22,0.58,0.27
"35","03M180","P.S. 180 Hugo Newman","2020-21",435,0.48,0.032,0.457,0.338,0.03,0.005,0.131,0.205,0.097,0.69,0.606896551724138,0.271264367816092,0,19.7058823529412,0.22,0.07,0.54,0.28,0.79,0.15
"36","03M191","The Riverside School for Makers and Artists","2020-21",521,0.459,0.086,0.322,0.461,0.004,0.002,0.117,0.274,0.056,0.68,0.589251439539347,0.335892514395393,0,20.9166666666667,0.41,0.01,0.59,0.16,0.92,0.05
"37","03M245","M.S. M245 The Computer School","2020-21",389,0.553,0.044,0.116,0.306,0.067,0.003,0.455,0.216,0.015,0.3,0,1,0,23.625,0.28,0.03,0.34,0.09,0.7,0
"38","03M247","M.S. M247 Dual Language Middle School","2020-21",230,0.526,0.009,0.013,0.93,0.004,0,0.043,0.252,0.257,0.82,0,1,0,22.9166666666667,0.3,0.04,0.76,0.14,0.83,0.05
"39","03M250","M.S. 250 West Side Collaborative Middle School","2020-21",110,0.509,0.009,0.327,0.564,0.018,0.009,0.064,0.436,0.055,0.81,0,1,0,16.5,0.34,0.03,0.75,0.12,0.93,0
"40","03M256","Lafayette Academy","2020-21",178,0.489,0.022,0.303,0.281,0.034,0.006,0.348,0.208,0.096,0.61,0,1,0,22.9166666666667,0.2,0.08,0.74,0.12,0.8,0
"41","03M258","Community Action School - MS 258","2020-21",229,0.463,0.026,0.293,0.546,0.022,0.004,0.109,0.293,0.096,0.79,0,1,0,21.5833333333333,0.13,0.07,0.61,0.17,0.96,0
"42","03M291","West End Secondary School","2020-21",603,0.537,0.065,0.078,0.217,0.032,0.002,0.6,0.204,0.005,0.21,0,0.499170812603648,0.500829187396352,25.75,0.28,0.08,0.74,0.14,0.73,0.03
"43","03M333","P.S. 333 Manhattan School for Children","2020-21",579,0.499,0.074,0.138,0.193,0.073,0.003,0.516,0.252,0.021,0.24,0.620034542314335,0.274611398963731,0,20.2333333333333,0.33,0.11,0.61,0.17,0.94,0.16
"44","03M334","The Anderson School","2020-21",517,0.47,0.333,0.019,0.077,0.122,0,0.449,0.097,0.004,0.11,0.553191489361702,0.350096711798839,0,28.4583333333333,0.27,0.01,0.89,0.11,0.71,0.06
"45","03M415","Wadleigh Secondary School for the Performing & Vis","2020-21",361,0.676,0.008,0.446,0.479,0.008,0.017,0.025,0.213,0.05,0.82,0,0.218836565096953,0.781163434903047,25,0.04,0.27,0.64,0.19,0.72,0.12
"46","03M421","West Prep Academy","2020-21",185,0.454,0.016,0.443,0.454,0.022,0.005,0.059,0.389,0.032,0.83,0,1,0,14.2142857142857,0.11,0.05,0.04,0,0.84,0
"47","03M859","Special Music School","2020-21",298,0.48,0.144,0.074,0.168,0.097,0.01,0.456,0.141,0.01,0.22,0.228187919463087,0.13758389261745,0.600671140939597,13.4444444444444,0.33,0.05,0.37,0.08,0.61,0
"48","03M860","Frederick Douglass Academy II Secondary School","2020-21",336,0.461,0.009,0.628,0.31,0.003,0.024,0.027,0.28,0.068,0.86,0,0.267857142857143,0.732142857142857,15.5,0.19,0.05,0.5,0.19,0.87,0.17
"49","03M862","Mott Hall II","2020-21",393,0.45,0.043,0.262,0.425,0.031,0.003,0.229,0.249,0.048,0.6,0,1,0,21.2142857142857,0.7,0.06,0.91,0.14,0.91,0
"50","04M007","P.S. 007 Samuel Stern","2020-21",357,0.49,0.034,0.291,0.622,0.008,0.011,0.034,0.258,0.109,0.9,0.518207282913165,0.408963585434174,0,19.1666666666667,0.1,0.06,0.5,0.13,0.46,0.08
"51","04M012","Tag Young Scholars","2020-21",578,0.509,0.493,0.111,0.116,0.081,0.014,0.185,0.057,0.017,0.27,0.57439446366782,0.346020761245675,0,25.4444444444444,0.34,0.06,0.8,0.13,0.64,0.11
"52","04M057","James Weldon Johnson","2020-21",617,0.522,0.031,0.224,0.72,0.003,0.013,0.01,0.282,0.147,0.91,0.539708265802269,0.390599675850891,0,16.9210526315789,0.12,0.06,0.76,0.25,0.61,0.22
"53","04M072","The Lexington Academy","2020-21",563,0.471,0.02,0.174,0.764,0.005,0.009,0.028,0.284,0.103,0.89,0.518650088809947,0.396092362344583,0,23.0394736842105,0.01,NA,0.01,NA,0.65,0.14
"54","04M096","P.S. 096 Joseph Lanzetta","2020-21",376,0.476,0.019,0.242,0.684,0.008,0.021,0.027,0.295,0.178,0.93,0.473404255319149,0.449468085106383,0,15.5416666666667,0.51,0.04,0.6,0.13,0.89,0.03
"55","04M108","P.S. 108 Assemblyman Angelo Del Toro Educational C","2020-21",430,0.44,0.021,0.302,0.623,0.007,0.009,0.035,0.288,0.074,0.89,0.5,0.432558139534884,0,19.5757575757576,0.02,0,0.61,0.07,0.87,0.03
"56","04M171","P.S. 171 Patrick Henry","2020-21",770,0.529,0.108,0.244,0.582,0.009,0.013,0.04,0.194,0.029,0.78,0.553246753246753,0.349350649350649,0,25.0512820512821,0.22,0.03,0.99,0.07,0.4,0
"57","04M206","P.S. 206 Jose Celso Barbosa","2020-21",447,0.432,0.02,0.224,0.705,0.009,0.004,0.038,0.441,0.172,0.85,0.487695749440716,0.512304250559284,0,13.5958333333333,0.31,0.02,0.89,0.18,0.9,0.06
"58","04M224","M.S. 224 Manhattan East School for Arts & Academic","2020-21",203,0.502,0.069,0.296,0.453,0.025,0.005,0.153,0.222,0.005,0.6,0,1,0,19.2857142857143,0.32,0.09,0.59,0.13,1,0
"59","04M372","Esperanza Preparatory Academy","2020-21",475,0.465,0.013,0.12,0.846,0.004,0.004,0.013,0.257,0.333,0.95,0,0.372631578947368,0.627368421052632,17.5714285714286,0.46,0.04,0.8,0.2,0.78,0.06
"60","04M377","Renaissance School of the Arts","2020-21",201,0.682,0,0.498,0.473,0.015,0.015,0,0.284,0.06,0.92,0,1,0,19.7142857142857,0.08,0.13,0.37,0.26,0.76,0
"61","04M610","Young Women's Leadership School","2020-21",479,1,0.067,0.251,0.574,0.006,0.006,0.035,0.203,0.021,0.83,0,0.313152400835073,0.686847599164927,23.6666666666667,0.12,0,0.3,0.13,0.76,0.08
"62","04M825","Isaac Newton Middle School for Math & Science","2020-21",323,0.437,0.062,0.195,0.728,0,0.003,0.012,0.254,0.096,0.91,0,1,0,26.4722222222222,0.27,0.04,0.77,0.11,0.92,0
"63","04M964","Central Park East II","2020-21",435,0.526,0.06,0.301,0.48,0.041,0,0.117,0.28,0.048,0.6,0.542528735632184,0.360919540229885,0,19.9444444444444,0.21,0.04,0.66,0.11,0.45,0
"64","05M046","P.S. 046 Arthur Tappan","2020-21",490,0.486,0.01,0.484,0.492,0.004,0.002,0.008,0.337,0.067,0.95,0.555102040816327,0.379591836734694,0,19.593984962406,0.02,0,0.59,0.19,0.76,0.14
"65","05M123","P.S. 123 Mahalia Jackson","2020-21",418,0.471,0.022,0.486,0.426,0.012,0.019,0.036,0.263,0.16,0.95,0.533492822966507,0.389952153110048,0,20.25,0.35,0.03,0.58,0.26,0.79,0.21
"66","05M129","P.S. 129 John H. Finley","2020-21",306,0.461,0.02,0.493,0.448,0.007,0.013,0.02,0.32,0.085,0.9,0.637254901960784,0.274509803921569,0,11.4444444444444,0.06,0,0.63,0.25,0.45,0.14
"67","05M148","Eagle Academy for Young Men of Harlem","2020-21",325,0,0.006,0.628,0.317,0.003,0.018,0.022,0.385,0.08,0.81,0,0.378461538461538,0.621538461538461,13.8,0.05,0.06,0.31,0.25,0.36,0.38
"68","05M161","P.S. 161 Pedro Albizu Campos","2020-21",687,0.508,0.012,0.204,0.755,0.003,0.004,0.022,0.291,0.263,0.95,0.454148471615721,0.496360989810771,0,19.5699404761905,0.17,0.03,0.54,0.17,0.46,0.07
"69","05M286","Urban Assembly Academy for Future Leaders","2020-21",93,0.43,0.022,0.581,0.366,0.022,0,0.011,0.527,0.086,0.94,0,1,0,15.5833333333333,0.02,NA,0.27,0.22,0.5,0
"70","05M362","Columbia Secondary School","2020-21",700,0.49,0.089,0.181,0.347,0.036,0.004,0.307,0.184,0.006,0.38,0,0.422857142857143,0.577142857142857,16.5416666666667,0.16,0.1,0.69,0.2,0.49,0.09
"71","05M371","School of Earth Exploration and Discovery Harlem (","2020-21",78,0.346,0.038,0.551,0.385,0,0,0.013,0.333,0.064,0.88,0,1,0,18.3666666666667,0.32,0,0.7,0.09,0.71,0
"72","05M499","Frederick Douglass Academy","2020-21",994,0.426,0.012,0.632,0.325,0.002,0.008,0.018,0.217,0.059,0.84,0,0.201207243460765,0.798792756539235,21.8055555555556,0.02,0.13,0.23,0.26,0.56,0.11
"73","05M514","New Design Middle School","2020-21",135,0.548,0,0.57,0.4,0,0.015,0.015,0.511,0.03,0.95,0,1,0,11.9047619047619,0.99,0,0.53,0.32,0.65,0.2
"74","06M018","P.S. 018 Park Terrace","2020-21",318,0.497,0.003,0.022,0.956,0.003,0,0.016,0.258,0.236,0.88,0.455974842767296,0.487421383647799,0,18.05,0.22,0.01,0.69,0.08,0.94,0
"75","06M052","Harold O. Levy School","2020-21",248,0.48,0.008,0.044,0.931,0,0.004,0.012,0.234,0.46,0.95,0,1,0,18.8571428571429,0.09,0,0.68,0.19,0.81,0
"76","06M143","J.H.S. 143 Eleanor Roosevelt","2020-21",225,0.453,0.013,0.049,0.876,0,0.004,0.058,0.276,0.551,0.91,0,1,0,14.375,0.04,0.12,0.21,0.16,0.85,0.05
"77","06M187","P.S./I.S. 187 Hudson Cliffs","2020-21",739,0.498,0.046,0.037,0.48,0.053,0.005,0.378,0.188,0.034,0.44,0.535859269282815,0.364005412719892,0,24.1929824561403,0.44,0.04,0.48,0.17,0.8,0.05
"78","06M209","Hamilton Grange Middle School","2020-21",336,0.491,0.024,0.092,0.813,0.003,0.003,0.063,0.244,0.223,0.84,0,1,0,27.1666666666667,0.23,0.03,0.6,0.09,0.45,0.13
"79","06M210","P.S./I.S. 210 - Twenty-first Century Academy for C","2020-21",423,0.494,0.012,0.019,0.969,0,0,0,0.213,0.357,0.92,0.531914893617021,0.378250591016548,0,21.65625,0.59,0.03,0.85,0.11,0.97,0
"80","06M223","The Mott Hall School","2020-21",269,0.487,0.041,0.067,0.781,0.007,0.004,0.093,0.104,0.03,0.7,0,1,0,18.5238095238095,0.37,0.05,0.69,0.13,0.91,0.05
"81","06M278","Paula Hedbavny School","2020-21",471,0.527,0.025,0.036,0.766,0.019,0,0.153,0.219,0.159,0.66,0.518046709129512,0.411889596602972,0,22.2222222222222,0.19,0.06,0.6,0.15,0.72,0.04
"82","06M293","City College Academy of the Arts","2020-21",611,0.563,0.013,0.033,0.917,0.003,0.002,0.031,0.18,0.07,0.84,0,0.422258592471358,0.577741407528642,27.5833333333333,0.39,0.02,0.49,0.11,0.42,0.15
"83","06M311","Amistad Dual Language School","2020-21",407,0.489,0.007,0.007,0.948,0.007,0,0.027,0.243,0.322,0.8,0.540540540540541,0.348894348894349,0,20.8333333333333,0.2,0.02,0.97,0.1,0.4,0.07
"84","06M319","M.S. 319 - Maria Teresa","2020-21",320,0.438,0,0.028,0.95,0,0,0.022,0.309,0.35,0.95,0,1,0,20.0416666666667,0.34,0.07,0.64,0.16,0.75,0.09
"85","06M322","Middle School 322","2020-21",292,0.432,0.007,0.014,0.949,0.014,0.003,0.014,0.209,0.414,0.94,0,1,0,17.2857142857143,0.42,0.05,0.84,0.14,0.89,0.07
"86","06M324","M.S. 324 - Patria Mirabal","2020-21",268,0.534,0.019,0.078,0.869,0,0,0.034,0.269,0.362,0.85,0,1,0,16.4880952380952,0.04,0.09,0.02,0,0.21,0
"87","06M328","Community Math & Science Prep","2020-21",134,0.425,0.007,0.112,0.813,0,0.015,0.052,0.388,0.463,0.94,0,1,0,17.1428571428571,1,0.01,0.8,0.13,1,0.06
"88","06M346","Community Health Academy of the Heights","2020-21",660,0.489,0.012,0.095,0.873,0.002,0.002,0.017,0.241,0.158,0.91,0,0.406060606060606,0.593939393939394,23.7,0.31,0.02,0.43,0.11,0.98,0
"89","06M348","Washington Heights Expeditionary Learning School","2020-21",952,0.474,0.009,0.021,0.929,0.006,0.004,0.028,0.246,0.178,0.84,0.213235294117647,0.283613445378151,0.454831932773109,24.09375,0.08,0.03,0.32,0.07,0.61,0.02
"90","06M349","Harbor Heights","2020-21",98,0.459,0,0,1,0,0,0,0.031,0.837,0.93,0,1,0,14.6666666666667,0.98,0.02,0.99,0.06,1,0
"91","06M366","Washington Heights Academy","2020-21",547,0.53,0.013,0.018,0.932,0.002,0,0.018,0.223,0.124,0.87,0.586837294332724,0.3345521023766,0,25.95,0.82,0.03,0.95,0.13,0.92,0.03
"92","06M528","I.S. 528 Bea Fuller Rodgers School","2020-21",254,0.504,0.008,0.012,0.965,0,0,0.012,0.276,0.201,0.94,0,1,0,23.8333333333333,0.72,0.03,0.88,0.13,1,0.05
"93","07X005","P.S. 5 Port Morris","2020-21",610,0.43,0.005,0.256,0.71,0.002,0.003,0.025,0.272,0.207,0.95,0.50655737704918,0.421311475409836,0,19.0766666666667,0.33,0.04,0.71,0.2,0.88,0.04
"94","07X029","P.S./M.S. 029 Melrose School","2020-21",794,0.475,0.013,0.321,0.636,0.013,0.008,0.01,0.23,0.154,0.95,0.554156171284635,0.369017632241814,0,20.8894736842105,0.22,0.03,0.55,0.19,0.81,0.14
"95","07X031","P.S./M.S. 031 The William Lloyd Garrison","2020-21",622,0.457,0.021,0.267,0.658,0.003,0.01,0.042,0.246,0.137,0.92,0.540192926045016,0.377813504823151,0,21.9796296296296,0.46,0.01,0.45,0.25,0.77,0.02
"96","07X221","South Bronx Preparatory: A College Board School","2020-21",640,0.514,0.014,0.233,0.722,0,0.005,0.025,0.25,0.069,0.95,0,0.415625,0.584375,23.3809523809524,0.06,0.05,0.73,0.1,0.94,0
"97","07X223","The Laboratory School of Finance and Technology: X","2020-21",715,0.51,0.013,0.171,0.799,0.003,0.006,0.008,0.183,0.062,0.95,0,0.453146853146853,0.546853146853147,26.0714285714286,0.1,0.04,0.63,0.13,0.78,0.14
"98","07X224","P.S./I.S. 224","2020-21",246,0.439,0.008,0.276,0.691,0.008,0.012,0.004,0.317,0.167,0.95,0,1,0,21,0.85,0,0.6,0.17,0.83,0.12
"99","07X296","South Bronx Academy for Applied Media","2020-21",244,0.475,0,0.344,0.627,0,0.016,0.012,0.361,0.102,0.9,0,1,0,19.75,0.63,0.03,0.74,0.09,1,0.04
"100","07X298","Academy of Public Relations","2020-21",197,0.421,0.005,0.244,0.746,0,0.005,0,0.396,0.33,0.95,0,1,0,12.75,0.92,0.02,0.95,0.12,0.96,0.04
"101","07X343","Academy of Applied Mathematics and Technology","2020-21",301,0.455,0.023,0.279,0.688,0,0,0.01,0.252,0.123,0.95,0,1,0,24.1875,0.19,0.11,0.4,0.19,0.84,0
"102","07X500","Hostos-Lincoln Academy of Science","2020-21",569,0.475,0.016,0.251,0.717,0,0.007,0.007,0.202,0.047,0.83,0,0.351493848857645,0.648506151142355,17.547619047619,0.09,0.14,0.15,0.17,0.56,0
"103","07X551","The Urban Assembly Bronx Academy of Letters","2020-21",611,0.475,0.007,0.311,0.642,0.002,0.01,0.029,0.278,0.154,0.93,0,0.410801963993453,0.589198036006547,20.75,0.02,0,0.38,0.23,0.88,0.02
"104","07X584","I.S. 584","2020-21",230,0.465,0.004,0.23,0.748,0,0.013,0.004,0.296,0.209,0.95,0,1,0,20.4761904761905,0.1,0.19,0.67,0.16,0.96,0
"105","08X071","P.S. 071 Rose E. Scala","2020-21",1408,0.484,0.097,0.053,0.624,0.011,0.004,0.21,0.2,0.114,0.71,0.511363636363636,0.394176136363636,0,23.2254385964912,0.15,0.04,0.55,0.18,0.73,0.08
"106","08X101","M.S. X101 Edward R. Byrne","2020-21",548,0.504,0.166,0.095,0.588,0.007,0.015,0.128,0.239,0.018,0.69,0,1,0,22.6770833333333,0.3,0.05,0.7,0.11,0.49,0
"107","08X123","J.H.S. 123 James M. Kieran","2020-21",500,0.49,0.03,0.168,0.77,0,0.02,0.012,0.274,0.252,0.91,0,1,0,24.3333333333333,0.3,0.05,0.7,0.19,0.96,0.02
"108","08X131","J.H.S. 131 Albert Einstein","2020-21",413,0.518,0.031,0.291,0.649,0.002,0.017,0.01,0.274,0.092,0.9,0,1,0,23.9285714285714,0.19,0.11,0.65,0.23,0.89,0.1
"109","08X269","Bronx Studio School for Writers and Artists","2020-21",636,0.535,0.006,0.179,0.797,0,0,0.017,0.258,0.137,0.85,0,0.457547169811321,0.542452830188679,26.3809523809524,0.05,0.03,0.46,0.25,0.73,0.12
"110","08X301","M.S. 301 Paul L. Dunbar","2020-21",187,0.487,0,0.465,0.481,0.005,0.027,0.021,0.326,0.15,0.87,0,1,0,19,0.7,0,0.88,0.05,0.95,0
"111","08X302","M.S. 302 Luisa Dessus Cruz","2020-21",452,0.44,0.002,0.199,0.783,0.002,0.004,0.009,0.338,0.208,0.95,0,1,0,21.59375,0.98,0.05,0.55,0.19,0.7,0.04
"112","08X337","The School for Inquiry and Social Justice","2020-21",462,0.502,0.035,0.184,0.751,0.004,0.011,0.015,0.203,0.136,0.82,0,1,0,21.4583333333333,0.1,0.05,0.67,0.13,0.98,0.08
"113","08X367","Archimedes Academy for Math, Science and Technolog","2020-21",583,0.398,0.084,0.276,0.605,0,0.012,0.022,0.278,0.099,0.83,0,0.44253859348199,0.55746140651801,22.6428571428571,0.04,0.04,0.22,0.14,0.85,0.08
"114","08X371","Urban Institute of Mathematics","2020-21",373,0.523,0.056,0.102,0.681,0.003,0.011,0.145,0.247,0.059,0.68,0,1,0,23.75,0.09,0.09,0.7,0.15,0.93,0.07
"115","08X375","The Bronx Mathematics Preparatory School","2020-21",188,0.484,0.048,0.41,0.5,0,0.027,0.016,0.234,0.165,0.95,0,1,0,19.9375,0.73,0.04,0.63,0.16,0.95,0.05
"116","08X376","Antonia Pantoja Preparatory Academy: A College Boa","2020-21",405,0.449,0.037,0.205,0.701,0.01,0.025,0.022,0.272,0.153,0.86,0,0.437037037037037,0.562962962962963,22.125,0.64,0.1,0.89,0.25,1,0.03
"117","08X424","Bronx Academy for Multi-Media","2020-21",274,0.449,0.004,0.259,0.726,0,0,0.011,0.328,0.255,0.95,0,1,0,20.4285714285714,0.58,0.03,0.21,0.14,0.47,0
"118","08X448","Soundview Academy for Culture and Scholarship","2020-21",361,0.49,0.019,0.274,0.684,0.003,0.003,0.017,0.263,0.108,0.8,0,1,0,23.4404761904762,0.09,0.06,0.15,0.2,0.61,0.06
"119","08X467","Mott Hall Community School","2020-21",342,0.512,0.035,0.152,0.719,0,0.015,0.079,0.213,0.102,0.83,0,1,0,22.09375,0.13,0.14,0.28,0.09,0.71,0.05
"120","08X562","Blueprint Middle School","2020-21",558,0.538,0.271,0.093,0.538,0.005,0.023,0.07,0.199,0.203,0.93,0,1,0,24.2333333333333,0.12,0.14,0.45,0.16,0.79,0.05
"121","09X004","P.S./M.S. 004 Crotona Park West","2020-21",413,0.477,0.005,0.448,0.533,0.002,0.005,0.007,0.223,0.153,0.95,0.581113801452784,0.343825665859564,0,14.1333333333333,0.19,0.09,0.63,0.08,0.89,0.03
"122","09X022","J.H.S. 022 Jordan L. Mott","2020-21",354,0.475,0.011,0.246,0.72,0.006,0,0.017,0.254,0.291,0.95,0,1,0,21.1875,0.8,0,0.48,0.15,0.72,0
"123","09X117","I.S. 117 Joseph H. Wade","2020-21",405,0.452,0,0.21,0.773,0.002,0.005,0.01,0.279,0.323,0.94,0,1,0,22.6904761904762,0.3,0.02,0.53,0.2,0.91,0.02
"124","09X128","Mott Hall III","2020-21",354,0.531,0.006,0.328,0.638,0,0.003,0.025,0.215,0.096,0.91,0,1,0,21,0.29,0.01,0.68,0.18,0.54,0
"125","09X215","Kappa","2020-21",317,0.514,0.022,0.502,0.445,0.003,0.003,0.025,0.249,0.158,0.93,0,1,0,18.7619047619048,0.1,0.03,0.69,0.23,0.66,0
"126","09X218","P.S./I.S. 218 Rafael Hernandez Dual Language Magne","2020-21",1000,0.492,0.023,0.038,0.907,0.002,0.009,0.009,0.171,0.231,0.89,0.567,0.338,0,23.5185185185185,0.05,0.1,0.77,0.17,0.7,0.06
"127","09X219","I.S. 219 New Venture School","2020-21",285,0.481,0.004,0.404,0.565,0.004,0.004,0.021,0.4,0.218,0.95,0,1,0,15.8333333333333,0.58,0.02,0.43,0.21,0.45,0
"128","09X229","I.S. 229 Roland Patterson","2020-21",201,0.398,0.01,0.303,0.662,0.005,0,0.02,0.388,0.194,0.93,0,1,0,12.9814814814815,1,0.01,1,0.09,1,0.06
"129","09X231","Eagle Academy for Young Men","2020-21",485,0.002,0.006,0.515,0.452,0.002,0.01,0.008,0.301,0.064,0.83,0,0.375257731958763,0.624742268041237,16.8333333333333,0.09,0.11,0.39,0.17,0.45,0
"130","09X232","I.S. 232","2020-21",376,0.434,0,0.223,0.771,0,0,0.005,0.229,0.295,0.95,0,1,0,19.125,0.71,0.01,0.62,0.17,0.82,0.04
"131","09X241","Urban Assembly School for Applied Math and Science","2020-21",613,0.473,0.003,0.266,0.715,0.002,0.011,0.003,0.289,0.14,0.93,0,0.414355628058728,0.585644371941272,20.2777777777778,0.04,0.07,0.2,0.08,0.6,0.03
"132","09X303","I.S. X303 Leadership & Community Service","2020-21",328,0.491,0.009,0.302,0.68,0,0.003,0.006,0.305,0.159,0.94,0,1,0,23.3809523809524,0.83,0.03,0.97,0.1,0.94,0
"133","09X313","I.S. 313 School of Leadership Development","2020-21",239,0.423,0.004,0.243,0.728,0,0.008,0.017,0.255,0.351,0.92,0,1,0,14.1428571428571,0.98,0.02,0.95,0.22,0.8,0.18
"134","09X323","Bronx Writing Academy","2020-21",330,0.485,0.012,0.27,0.676,0,0.006,0.036,0.252,0.282,0.95,0,1,0,18.9642857142857,0.12,0.13,0.48,0.13,0.79,0.13
"135","09X324","Bronx Early College Academy for Teaching & Learnin","2020-21",503,0.469,0.024,0.231,0.734,0,0.004,0.006,0.239,0.095,0.88,0,0.353876739562624,0.646123260437376,18.75,0.24,0.02,0.46,0.11,0.86,0.2
"136","09X327","Comprehensive Model School Project M.S. 327","2020-21",701,0.455,0.004,0.19,0.795,0.003,0,0.009,0.274,0.133,0.91,0,0.400855920114123,0.599144079885877,22.2777777777778,0.3,0.03,0.41,0.08,1,0
"137","09X328","New Millennium Bronx Academy of the Arts","2020-21",315,0.479,0.016,0.34,0.629,0,0,0.016,0.286,0.168,0.93,0,1,0,17.0208333333333,0.05,0,0.53,0.18,0.87,0.07
"138","09X339","I.S. 339","2020-21",315,0.483,0,0.302,0.689,0,0.003,0.006,0.295,0.346,0.95,0,1,0,10.5416666666667,0.95,0.2,0.94,0.25,0.9,0.02
"139","09X361","The Highbridge Green School","2020-21",384,0.513,0,0.221,0.763,0,0,0.016,0.247,0.234,0.95,0,1,0,22.7619047619048,0.36,0.02,0.86,0.1,0.88,0.03
"140","09X413","Bronx High School for Medical Science","2020-21",493,0.527,0.065,0.247,0.653,0.002,0.014,0.016,0.256,0.144,0.87,0,0.350912778904665,0.649087221095335,17.7222222222222,0.08,0.08,0.62,0.21,0.88,0
"141","09X454","Science and Technology Academy: A Mott Hall School","2020-21",404,0.448,0.03,0.262,0.673,0.002,0.01,0.022,0.215,0.176,0.95,0,1,0,21.4583333333333,0.28,0.03,0.71,0.12,0.89,0.06
"142","09X505","Bronx School for Law, Government and Justice","2020-21",754,0.576,0.011,0.208,0.761,0.004,0.007,0.008,0.247,0.126,0.87,0,0.362068965517241,0.637931034482759,23.4761904761905,0.25,0.08,0.63,0.2,0.88,0.18
"143","09X568","Young Women's Leadership School of the Bronx","2020-21",554,1,0.036,0.291,0.637,0.004,0.011,0.018,0.181,0.07,0.86,0,0.463898916967509,0.536101083032491,24.6666666666667,0.34,0.05,0.51,0.2,0.93,0.03
"144","09X593","South Bronx International Middle School","2020-21",138,0.486,0.007,0.145,0.833,0,0,0.014,0.152,0.877,0.95,0,1,0,19.7142857142857,0.92,0.02,0.99,0.15,0.85,0
"145","09X594","M.S. 594","2020-21",241,0.436,0.012,0.303,0.664,0,0.012,0.008,0.328,0.257,0.93,0,1,0,16.952380952381,0.61,0.04,0.78,0.15,0.96,0.05
"146","10X003","P.S. 3 Raul Julia Micro Society","2020-21",336,0.524,0,0.253,0.741,0,0,0.006,0.28,0.155,0.95,0.544642857142857,0.342261904761905,0,19.4166666666667,0.53,0.04,0.83,0.27,0.88,0
"147","10X015","P.S. X015 Institute for Environmental Learning","2020-21",463,0.546,0.017,0.106,0.86,0.006,0.011,0,0.268,0.201,0.78,0.503239740820734,0.412526997840173,0,20.7368421052632,0.11,0.06,0.57,0.17,0.63,0.22
"148","10X020","PS/MS 20 P.O.George J. Werdann, III","2020-21",857,0.488,0.075,0.107,0.744,0.002,0.02,0.048,0.258,0.265,0.95,0.486581096849475,0.424737456242707,0,21.7166666666667,0.11,0.03,0.65,0.22,0.81,0.22
"149","10X045","Thomas C. Giordano Middle School 45","2020-21",693,0.502,0.013,0.177,0.771,0.004,0.004,0.03,0.228,0.183,0.91,0,1,0,19.4238095238095,0.03,0.17,0.59,0.2,0.51,0.11
"150","10X086","P.S. 086 Kingsbridge Heights","2020-21",1523,0.504,0.032,0.072,0.863,0.003,0.005,0.022,0.219,0.292,0.9,0.732764281024294,0.139198949441891,0,21.3818452380952,0.06,0.06,0.2,0.05,0.71,0
"151","10X095","P.S. 095 Sheila Mencher","2020-21",1038,0.479,0.056,0.164,0.709,0.01,0.007,0.053,0.2,0.148,0.83,0.532755298651252,0.393063583815029,0,23.2105263157895,0.29,0.07,0.68,0.18,0.41,0.06
"152","10X118","J.H.S. 118 William W. Niles","2020-21",956,0.482,0.152,0.179,0.605,0.001,0.018,0.046,0.198,0.135,0.91,0,1,0,16.6496527777778,0.06,0.09,0.37,0.17,0.7,0.04
"153","10X141","Riverdale / Kingsbridge Academy (Middle School / H","2020-21",1567,0.493,0.063,0.093,0.56,0.015,0.006,0.263,0.178,0.076,0.51,0,0.511805998723676,0.488194001276324,23.75,0.11,0.05,0.59,0.23,0.54,0.02
"154","10X206","I.S. 206 Ann Mersereau","2020-21",254,0.476,0.016,0.114,0.854,0,0.004,0.012,0.28,0.394,0.92,0,1,0,21.9142857142857,0.8,0.01,0.73,0.11,0.92,0.09
"155","10X225","Theatre Arts Production Company School","2020-21",548,0.657,0.018,0.237,0.723,0,0.002,0.016,0.266,0.104,0.84,0,0.352189781021898,0.647810218978102,19.0714285714286,0.14,0.06,0.66,0.26,0.85,0.16
"156","10X228","Jonas Bronck Academy","2020-21",270,0.478,0.059,0.159,0.737,0.004,0.004,0.037,0.215,0.081,0.89,0,1,0,25.5714285714286,0.55,0.03,0.68,0.12,0.82,0.06
"157","10X243","West Bronx Academy for the Future","2020-21",647,0.505,0.025,0.167,0.791,0.002,0.002,0.014,0.263,0.176,0.92,0,0.452859350850077,0.547140649149923,26.4047619047619,0.04,0.04,0.44,0.17,0.81,0
"158","10X244","The New School for Leadership and Journalism","2020-21",679,0.479,0.019,0.081,0.875,0.004,0,0.021,0.211,0.219,0.95,0,1,0,24.2604166666667,0.1,0.01,0.67,0.13,0.75,0
"159","10X254","I.S. 254","2020-21",472,0.511,0.021,0.127,0.841,0,0.004,0.006,0.286,0.322,0.9,0,1,0,22.0714285714286,0.06,0.03,0.55,0.16,0.64,0.04
"160","10X279","P.S. 279 Captain Manuel Rivera, Jr.","2020-21",890,0.49,0.031,0.158,0.792,0.002,0.007,0.007,0.215,0.272,0.95,0.504494382022472,0.431460674157303,0,20.9391534391534,0.2,0.02,0.66,0.08,0.97,0.01
"161","10X308","Bronx Dance Academy School","2020-21",265,0.728,0.019,0.174,0.781,0.008,0,0.019,0.23,0.079,0.87,0,1,0,22.9285714285714,0.06,0.12,0.64,0.17,0.65,0.07
"162","10X315","P.S. 315 Lab School","2020-21",224,0.509,0.018,0.121,0.835,0.013,0.004,0.009,0.174,0.174,0.94,0.5,0.397321428571429,0,20,0.75,0.04,1,0.11,0.88,0
"163","10X331","The Bronx School of Young Leaders","2020-21",450,0.513,0.016,0.229,0.733,0.002,0.004,0.016,0.262,0.218,0.88,0,1,0,18.0925925925926,0.17,0.07,0.69,0.15,0.97,0.03
"164","10X342","International School for Liberal Arts","2020-21",532,0.466,0,0,1,0,0,0,0.118,0.771,0.95,0,0.268796992481203,0.731203007518797,21.6666666666667,0.85,0.03,0.65,0.07,1,0
"165","10X363","Academy For Personal Leadership And Excellence","2020-21",803,0.458,0.029,0.128,0.808,0.002,0.009,0.024,0.263,0.288,0.91,0,1,0,21.2740740740741,0.06,0.04,0.85,0.13,0.77,0
"166","10X368","In-Tech Academy (M.S. / High School 368)","2020-21",997,0.473,0.03,0.073,0.856,0.003,0.009,0.029,0.209,0.177,0.85,0,0.402206619859579,0.597793380140421,23.8690476190476,0.05,0.09,0.24,0.17,0.6,0.05
"167","10X390","M.S. 390","2020-21",547,0.466,0.009,0.166,0.808,0,0.005,0.011,0.201,0.289,0.92,0,1,0,19.8642857142857,0.1,0.06,0.49,0.14,0.54,0.12
"168","10X391","The Angelo Patri Middle School","2020-21",407,0.462,0.01,0.229,0.752,0,0.005,0.005,0.273,0.307,0.92,0,1,0,18.5714285714286,0.27,0.04,0.64,0.26,0.74,0.09
"169","10X447","Creston Academy","2020-21",453,0.506,0.004,0.146,0.832,0.004,0.007,0.007,0.232,0.276,0.95,0,1,0,27.1708333333333,0.37,0.02,0.77,0.09,0.6,0
"170","11X019","P.S. 019 Judith K. Weiss","2020-21",536,0.478,0.035,0.069,0.276,0.03,0.009,0.578,0.151,0.08,0.46,0.548507462686567,0.363805970149254,0,26.5,0.34,0.02,0.87,0.14,0.97,0
"171","11X083","P.S. 083 Donald Hertz","2020-21",1587,0.488,0.112,0.054,0.464,0.008,0.011,0.351,0.193,0.185,0.71,0.483301827347196,0.437303087586641,0,26.2637844611529,0.19,0.06,0.14,0.06,0.8,0.01
"172","11X089","P.S. 089 Bronx","2020-21",1409,0.505,0.113,0.182,0.551,0.01,0.006,0.138,0.169,0.187,0.77,0.537260468417317,0.393896380411639,0,23.3458333333333,0.02,0.06,0.11,0.21,0.96,0.02
"173","11X127","J.H.S. 127 The Castle Hill","2020-21",873,0.473,0.328,0.215,0.4,0.003,0.017,0.037,0.194,0.173,0.77,0,1,0,27.0833333333333,0.35,0.06,0.66,0.16,1,0
"174","11X144","J.H.S. 144 Michelangelo","2020-21",432,0.435,0.069,0.549,0.352,0,0.009,0.021,0.269,0.088,0.78,0,1,0,22.0625,0.4,0.05,0.81,0.15,0.98,0
"175","11X175","P.S. 175 City Island","2020-21",287,0.488,0.038,0.098,0.449,0.031,0.003,0.376,0.188,0.07,0.48,0.554006968641115,0.362369337979094,0,20.85,0.06,0,0.75,0.15,0.92,0
"176","11X180","M.S. 180 Dr. Daniel Hale Williams","2020-21",984,0.522,0.032,0.646,0.27,0.013,0.011,0.026,0.207,0.028,0.74,0,1,0,20.9099702380952,0.2,0.08,0.79,0.18,0.47,0.09
"177","11X181","I.S. 181 Pablo Casals","2020-21",852,0.485,0.068,0.589,0.271,0.006,0.022,0.032,0.239,0.039,0.8,0,1,0,21.0916666666667,0.23,0.07,0.69,0.11,0.86,0
"178","11X194","P.S./M.S. 194","2020-21",1182,0.495,0.373,0.065,0.497,0.008,0.019,0.036,0.173,0.183,0.82,0.495769881556684,0.39678510998308,0,24.3187969924812,0.2,0.05,0.85,0.16,0.72,0.05
"179","11X287","North Bronx School of Empowerment","2020-21",423,0.499,0.017,0.518,0.416,0.009,0.021,0.019,0.286,0.161,0.91,0,1,0,18.0416666666667,0.18,0.04,0.69,0.22,0.83,0
"180","11X326","Bronx Green Middle School","2020-21",406,0.495,0.044,0.212,0.591,0.015,0.005,0.133,0.195,0.177,0.91,0,1,0,25.0238095238095,0.17,0.01,0.63,0.23,0.89,0.08
"181","11X355","Bronx Alliance Middle School","2020-21",301,0.508,0.023,0.645,0.322,0,0.003,0.007,0.289,0.05,0.83,0,1,0,26.5277777777778,0.12,0.06,0.36,0.16,0.92,0
"182","11X370","Leaders of Tomorrow","2020-21",437,0.476,0.023,0.54,0.382,0.007,0.014,0.034,0.295,0.144,0.85,0,1,0,21.0595238095238,0.33,0.06,0.73,0.18,0.93,0.05
"183","11X462","Cornerstone Academy for Social Action Middle Schoo","2020-21",235,0.494,0.013,0.626,0.328,0.009,0.017,0.009,0.204,0.043,0.86,0,1,0,22.4333333333333,0.89,0.07,0.71,0.15,0.81,0
"184","11X468","Pelham Academy of Academics and Community Engageme","2020-21",324,0.472,0.093,0.185,0.593,0.006,0.003,0.12,0.219,0.182,0.89,0,1,0,26.0714285714286,0.61,0.07,0.85,0.1,0.97,0.07
"185","11X498","P.S./M.S. 11X498 - Van Nest Academy","2020-21",637,0.48,0.069,0.093,0.608,0.017,0.006,0.207,0.203,0.094,0.78,0.494505494505495,0.436420722135008,0,24.9404761904762,0.36,0.05,0.58,0.12,0.87,0
"186","11X529","One World Middle School at Edenwald","2020-21",339,0.451,0.035,0.566,0.36,0,0.029,0.009,0.274,0.044,0.88,0,1,0,26.75,0.44,0.03,0.85,0.13,0.85,0
"187","11X532","Baychester Middle School","2020-21",277,0.473,0.011,0.621,0.314,0.007,0.022,0.022,0.213,0.097,0.83,0,1,0,24.0625,0.03,0,0.57,0.12,0.79,0.06
"188","11X556","Bronx Park Middle School","2020-21",391,0.491,0.061,0.169,0.65,0.005,0.005,0.11,0.212,0.238,0.87,0,1,0,27.9285714285714,0.31,0.06,0.41,0.13,0.73,0.04
"189","11X566","Pelham Gardens Middle School","2020-21",420,0.488,0.05,0.543,0.338,0,0.017,0.052,0.238,0.069,0.82,0,1,0,18.62,0.18,0.04,0.46,0.19,0.94,0
"190","12X098","J.H.S. 098 Herman Ridder","2020-21",185,0.508,0.032,0.227,0.703,0.005,0.016,0.016,0.238,0.378,0.95,0,1,0,20.1666666666667,0.21,0.05,0.82,0.29,0.65,0.07
"191","12X129","M.S. 129 Academy for Independent Learning and Lead","2020-21",486,0.475,0.037,0.265,0.675,0,0.006,0.016,0.274,0.15,0.95,0,1,0,18.4270833333333,0.06,0.07,0.42,0.22,0.86,0.03
"192","12X190","E.S.M.T- I.S. 190","2020-21",270,0.493,0.011,0.263,0.707,0.004,0.004,0.011,0.219,0.141,0.93,0,1,0,19.0625,0.12,0.03,0.52,0.22,0.7,0
"193","12X211","P.S. 211","2020-21",456,0.52,0.004,0.171,0.805,0.004,0.002,0.009,0.215,0.129,0.93,0.484649122807018,0.440789473684211,0,17.8888888888889,0.05,0.09,0.63,0.2,0.96,0.19
"194","12X214","P.S. 214","2020-21",987,0.522,0.03,0.212,0.733,0.007,0.008,0.009,0.204,0.16,0.91,0.495440729483283,0.439716312056738,0,22.6958333333333,0.56,0.07,0.66,0.2,1,0.06
"195","12X217","School of Performing Arts","2020-21",304,0.523,0.03,0.365,0.563,0.007,0.02,0.016,0.349,0.141,0.95,0,1,0,23.5833333333333,0.67,0.02,0.85,0.22,0.74,0.17
"196","12X242","Mott Hall V","2020-21",674,0.51,0.045,0.151,0.786,0.001,0.009,0.006,0.286,0.178,0.89,0,0.440652818991098,0.559347181008902,26.9166666666667,0.16,0.02,0.5,0.11,0.78,0.07
"197","12X267","Bronx Latin","2020-21",548,0.465,0.016,0.19,0.77,0.005,0.005,0.011,0.255,0.128,0.94,0,0.428832116788321,0.571167883211679,24.7142857142857,0.04,0,0.18,0.17,0.53,0.12
"198","12X271","East Bronx Academy for the Future","2020-21",661,0.498,0.027,0.245,0.694,0.003,0.021,0.005,0.289,0.166,0.91,0,0.381240544629349,0.618759455370651,16.5,0.03,0.28,0.12,0.18,0.65,0.05
"199","12X273","Frederick Douglass Academy V. Middle School","2020-21",204,0.515,0.01,0.24,0.716,0.005,0.015,0.015,0.265,0.201,0.95,0,1,0,20.4166666666667,0.5,0.02,0.51,0.14,0.89,0
"200","12X286","Fannie Lou Hamer Middle School","2020-21",274,0.474,0.018,0.288,0.653,0.004,0.007,0.029,0.277,0.182,0.9,0,1,0,24.3055555555556,0.62,0.04,0.67,0.2,0.96,0
"201","12X316","Kappa III","2020-21",359,0.521,0.028,0.242,0.71,0.003,0.011,0.006,0.267,0.131,0.9,0,1,0,20.7291666666667,0.39,0.07,0.66,0.16,0.93,0.04
"202","12X318","I.S. X318 Math, Science & Technology Through Arts","2020-21",183,0.454,0.005,0.29,0.689,0,0.005,0.011,0.311,0.202,0.95,0,1,0,17.3666666666667,0.86,0.06,0.92,0.13,0.84,0
"203","12X341","Accion Academy","2020-21",308,0.506,0.01,0.234,0.711,0.003,0.016,0.026,0.292,0.237,0.95,0,1,0,16.5833333333333,0.15,0.04,0.63,0.18,0.73,0
"204","12X383","Emolior Academy","2020-21",377,0.446,0.077,0.252,0.655,0,0.016,0,0.273,0.196,0.89,0,1,0,25.6428571428571,0.72,0.01,0.75,0.16,0.94,0.03
"205","13K113","M.S. 113 Ronald Edmonds Learning Center","2020-21",324,0.509,0.046,0.654,0.272,0.009,0.006,0.012,0.302,0.056,0.87,0,1,0,17.6904761904762,0.06,0,0.27,0.17,0.52,0.07
"206","13K265","Dr. Susan S. McKinney Secondary School of the Arts","2020-21",320,0.6,0.009,0.697,0.247,0.003,0.022,0.016,0.284,0.031,0.86,0,0.3,0.7,13.125,0.03,0,0.17,0.26,0.5,0.08
"207","13K266","M.S. K266 - Park Place Community Middle School","2020-21",148,0.473,0,0.622,0.324,0,0,0.054,0.318,0.034,0.77,0,1,0,13.2857142857143,0.07,0.18,0.15,0.1,0.79,0.07
"208","13K301","Satellite East Middle School","2020-21",82,0.476,0.098,0.72,0.11,0.012,0.037,0.024,0.341,0.122,0.95,0,1,0,14.6,0.1,0,0.55,0.16,0.67,0
"209","13K313","Dock Street School for STEAM Studies","2020-21",283,0.491,0.049,0.643,0.166,0.035,0.011,0.092,0.194,0.004,0.6,0,1,0,18.8809523809524,0.06,0.06,0.01,NA,0.48,0.15
"210","13K351","The Urban Assembly Unison School","2020-21",187,0.471,0.059,0.69,0.176,0.016,0.011,0.048,0.321,0.102,0.84,0,1,0,18.5714285714286,0.22,0.02,0.71,0.1,0.8,0
"211","13K492","Academy of Arts and Letters","2020-21",657,0.508,0.046,0.358,0.145,0.068,0.017,0.365,0.189,0.03,0.33,0.557077625570776,0.343987823439878,0,23.7777777777778,0.24,0.04,0.68,0.1,0.8,0.08
"212","13K527","Urban Assembly Institute of Math and Science for Y","2020-21",497,0.998,0.103,0.577,0.177,0.008,0.014,0.115,0.173,0.08,0.83,0,0.352112676056338,0.647887323943662,23.3333333333333,0.23,0.1,0.74,0.2,1,0.08
"213","13K691","Fort Greene Preparatory Academy","2020-21",190,0.542,0.032,0.621,0.237,0.037,0.011,0.063,0.316,0.063,0.86,0,1,0,22.9,0.06,0.09,0.53,0.21,0.44,0.09
"214","13K915","I.S. 915","2020-21",298,0.456,0.037,0.356,0.191,0.07,0.01,0.336,0.201,0.023,0.3,0,1,0,23.5714285714286,0.59,0.02,0.81,0.13,0.75,0.13
"215","14K050","J.H.S. 050 John D. Wells","2020-21",337,0.451,0.03,0.258,0.674,0,0.012,0.024,0.288,0.104,0.88,0,1,0,18.03125,0.63,0,0.9,0.12,0.9,0
"216","14K071","Juan Morel Campos Secondary School","2020-21",503,0.465,0.004,0.247,0.676,0.002,0.002,0.064,0.33,0.262,0.85,0,0.369781312127237,0.630218687872763,20.3055555555556,0.52,0.02,0.74,0.07,1,0.04
"217","14K084","P.S. 084 Jose De Diego","2020-21",698,0.48,0.034,0.062,0.613,0.054,0.004,0.232,0.203,0.115,0.53,0.518624641833811,0.379656160458453,0,17.3611111111111,0.12,0.04,0.76,0.15,0.94,0
"218","14K126","John Ericsson Middle School 126","2020-21",271,0.443,0.015,0.232,0.694,0.011,0,0.048,0.317,0.111,0.9,0,1,0,21.8095238095238,0.66,0.04,0.89,0.11,0.48,0.13
"219","14K157","P.S./I.S. 157 The Benjamin Franklin Health & Scien","2020-21",324,0.438,0.003,0.194,0.759,0.006,0,0.037,0.327,0.173,0.83,0.509259259259259,0.432098765432099,0,18.95,0.11,0.03,0.36,0.06,0.58,0
"220","14K318","I.S. 318 Eugenio Maria De Hostos","2020-21",1266,0.493,0.064,0.167,0.508,0.018,0.002,0.236,0.187,0.058,0.58,0,1,0,23.0616883116883,0.09,0.07,0.51,0.1,0.84,0.04
"221","14K577","Conselyea Preparatory School","2020-21",472,0.521,0.047,0.044,0.591,0.002,0.004,0.309,0.229,0.051,0.56,0,1,0,27.6666666666667,0.2,0.01,0.89,0.12,0.91,0
"222","14K582","M.S. 582","2020-21",350,0.434,0.006,0.231,0.737,0.014,0,0.011,0.311,0.137,0.84,0,1,0,22.047619047619,0.63,0.06,0.71,0.13,1,0
"223","14K586","Lyons Community School","2020-21",408,0.483,0.012,0.358,0.6,0.007,0,0.022,0.287,0.086,0.9,0,0.32843137254902,0.67156862745098,13.875,0.08,0,0.34,0.19,0.89,0
"224","14K614","Young Women's Leadership School of Brooklyn","2020-21",371,1,0.04,0.466,0.437,0.005,0.008,0.027,0.243,0.075,0.81,0,0.296495956873315,0.703504043126685,15.8333333333333,0.12,0.05,0.32,0.23,0.59,0.13
"225","15K051","M.S. 51 William Alexander","2020-21",1143,0.532,0.219,0.08,0.31,0.04,0.004,0.343,0.207,0.063,0.47,0,1,0,27.5003401360544,0.27,0.1,0.42,0.09,0.69,0.08
"226","15K088","J.H.S. 088 Peter Rouget","2020-21",1392,0.47,0.19,0.126,0.485,0.024,0.003,0.168,0.246,0.147,0.68,0,1,0,22.0343537414966,0.14,0.07,0.66,0.17,0.59,0.02
"227","15K136","I.S. 136 Charles O. Dewey","2020-21",487,0.52,0.105,0.033,0.772,0.006,0.004,0.078,0.29,0.345,0.91,0,1,0,22.1041666666667,0.07,0.09,0.36,0.11,0.74,0.06
"228","15K442","M.S. 442 Carroll Gardens School for Innovation","2020-21",357,0.403,0.081,0.115,0.275,0.064,0.011,0.448,0.286,0.034,0.34,0,1,0,25.7,0.24,0.05,0.56,0.1,0.72,0
"229","15K443","New Voices School of Academic & Creative Arts","2020-21",569,0.638,0.127,0.084,0.325,0.037,0.004,0.418,0.218,0.053,0.44,0,1,0,29.1666666666667,0.12,0.1,0.05,0.14,0.45,0
"230","15K447","The Math & Science Exploratory School","2020-21",539,0.419,0.132,0.156,0.234,0.048,0.002,0.427,0.278,0.033,0.41,0,1,0,27.7222222222222,0.17,0.04,0.28,0.05,0.79,0.07
"231","15K448","Brooklyn Collaborative Studies","2020-21",690,0.497,0.039,0.32,0.377,0.019,0.003,0.226,0.27,0.052,0.64,0,0.427536231884058,0.572463768115942,30.3333333333333,0.19,0.07,0.31,0.15,0.85,0
"232","15K464","Park Slope Collegiate","2020-21",687,0.412,0.058,0.307,0.392,0.017,0.003,0.213,0.263,0.073,0.64,0,0.425036390101892,0.574963609898108,20.0714285714286,0.09,0.05,0.52,0.14,0.6,0.03
"233","15K497","The Boerum Hill School for International Studies","2020-21",778,0.486,0.031,0.279,0.246,0.051,0.006,0.365,0.211,0.075,0.47,0,0.56426735218509,0.43573264781491,23.775,0.11,0.12,0.6,0.19,0.79,0.06
"234","15K821","Sunset Park Prep","2020-21",523,0.478,0.14,0.025,0.771,0.004,0.004,0.057,0.254,0.314,0.9,0,1,0,25.625,0.03,0,0.02,0.13,0.79,0.03
"235","15K839","M.S. 839","2020-21",370,0.465,0.13,0.103,0.276,0.038,0.005,0.435,0.276,0.068,0.42,0,1,0,23.9333333333333,0.14,0.02,0.01,NA,0.44,0
"236","16K035","M.S. 035 Stephen Decatur","2020-21",187,0.471,0.005,0.818,0.15,0,0.005,0.021,0.31,0.021,0.95,0,1,0,22.9285714285714,0.44,0,0.5,0.15,0.95,0
"237","16K057","Whitelaw Reid Academy of Arts and Business","2020-21",101,0.465,0.03,0.574,0.277,0,0.05,0.069,0.337,0.149,0.95,0,1,0,15.875,0.38,0,0.55,0.16,1,0
"238","16K267","M.S. 267 Math, Science & Technology","2020-21",198,0.571,0.005,0.742,0.222,0,0.025,0.005,0.328,0.025,0.87,0,1,0,16.7142857142857,0.95,0,0.92,0.05,1,0
"239","16K308","P.S. 308 Clara Cardwell","2020-21",249,0.49,0.028,0.719,0.197,0.004,0.024,0.028,0.241,0.028,0.93,0.598393574297189,0.321285140562249,0,17.7272727272727,0.19,0.06,0.49,0.18,0.77,0
"240","16K681","Madiba Prep Middle School","2020-21",227,0.48,0.022,0.67,0.273,0,0.009,0.026,0.388,0.084,0.92,0,1,0,18.7619047619048,0.02,NA,0.52,0.12,0.59,0.07
"241","16K898","The Brooklyn Green School","2020-21",149,0.53,0,0.812,0.121,0.007,0,0.06,0.295,0.027,0.81,0,1,0,19.9444444444444,0.26,0.03,0.61,0.08,0.86,0
"242","17K002","Parkside Preparatory Academy","2020-21",415,0.482,0.048,0.713,0.173,0.007,0.029,0.029,0.234,0.173,0.86,0,1,0,21.7142857142857,0.18,0.15,0.61,0.21,0.71,0.15
"243","17K061","M.S. 061 Dr. Gladstone H. Atwell","2020-21",515,0.528,0.016,0.831,0.113,0.01,0.01,0.021,0.227,0.064,0.77,0,1,0,19.48125,0.04,0.1,0.49,0.15,0.55,0.15
"244","17K138","P.S. 138 Brooklyn","2020-21",487,0.487,0.018,0.813,0.109,0.012,0.008,0.039,0.251,0.057,0.9,0.455852156057495,0.429158110882957,0,19.1296296296296,0.05,0.12,0.43,0.12,0.52,0.04
"245","17K181","P.S. 181 Brooklyn","2020-21",598,0.462,0.01,0.851,0.1,0,0.017,0.022,0.202,0.142,0.74,0.531772575250836,0.381270903010033,0,21.7864583333333,0.08,0.02,0.58,0.14,0.33,0.13
"246","17K189","P.S. 189 The Bilingual Center","2020-21",936,0.507,0.02,0.688,0.243,0.002,0.013,0.03,0.165,0.151,0.91,0.534188034188034,0.394230769230769,0,21.25,0.12,0.05,0.71,0.19,0.53,0.03
"247","17K246","M.S. 246 Walt Whitman","2020-21",356,0.463,0.031,0.596,0.295,0,0.025,0.053,0.213,0.295,0.84,0,1,0,20.0595238095238,0.14,0.23,0.32,0.08,0.56,0.22
"248","17K340","I.S. 340","2020-21",219,0.461,0.009,0.648,0.283,0.014,0.023,0.023,0.256,0.037,0.76,0,1,0,20,0.11,0.09,0.22,0.17,0.41,0
"249","17K352","Ebbets Field Middle School","2020-21",128,0.461,0.039,0.719,0.148,0,0.008,0.086,0.32,0.188,0.86,0,1,0,15.2,0.83,0.04,0.86,0.1,0.94,0.06
"250","17K353","Elijah Stroud Middle School","2020-21",143,0.49,0.07,0.601,0.266,0.014,0.028,0.021,0.315,0.105,0.94,0,1,0,15.4375,0.42,0.07,0.99,0.18,0.85,0
"251","17K354","The School of Integrated Learning","2020-21",324,0.509,0.006,0.802,0.16,0.006,0.012,0.006,0.231,0.062,0.86,0,1,0,19.1071428571429,0.74,0.01,0.45,0.22,0.96,0
"252","17K382","Academy for College Preparation and Career Explora","2020-21",337,0.433,0.018,0.733,0.211,0.003,0.015,0.018,0.193,0.101,0.86,0,0.382789317507418,0.617210682492582,15.9375,0.22,0.06,0.44,0.16,0.82,0.06
"253","17K394","M.S. K394","2020-21",285,0.491,0.091,0.712,0.182,0.004,0.004,0.007,0.144,0.074,0.9,0.550877192982456,0.396491228070175,0,21.6363636363636,0.41,0.03,0.56,0.32,1,0
"254","17K484","Ronald Edmonds Learning Center II","2020-21",178,0.449,0.028,0.674,0.242,0.011,0.028,0.017,0.298,0.118,0.87,0,1,0,20.5714285714286,0.18,0,0.18,0.1,0.35,0
"255","17K543","Science, Technology and Research Early College Hig","2020-21",657,0.493,0.052,0.747,0.134,0.002,0.018,0.024,0.145,0.011,0.7,0,0.392694063926941,0.607305936073059,25.8,0.09,0.05,0.55,0.19,0.74,0
"256","17K590","Medgar Evers College Preparatory School","2020-21",1505,0.567,0.03,0.854,0.054,0.007,0.025,0.009,0.07,0.003,0.73,0,0.383388704318937,0.616611295681063,47.5,0.06,0.18,0.01,0.28,0.34,0.38
"257","17K722","New Heights Middle School","2020-21",234,0.466,0.004,0.774,0.141,0.017,0.03,0.03,0.252,0.077,0.95,0,1,0,20.8333333333333,0.15,0.03,0.44,0.12,0.79,0
"258","18K066","P.S. 66","2020-21",664,0.514,0.015,0.813,0.12,0.006,0.008,0.038,0.169,0.059,0.75,0.478915662650602,0.454819277108434,0,20.4740740740741,0.05,0.17,0.56,0.25,0.6,0.31
"259","18K068","I.S. 068 Isaac Bildersee","2020-21",230,0.374,0.078,0.678,0.096,0.004,0,0.139,0.304,0.309,0.85,0,1,0,20.6904761904762,0.04,0,0.59,0.22,0.77,0.05
"260","18K211","I.S. 211 John Wilson","2020-21",252,0.488,0.028,0.782,0.127,0.004,0.004,0.052,0.302,0.099,0.81,0,1,0,18.6428571428571,0.02,0.2,0.43,0.23,0.48,0.07
"261","18K235","P.S. 235 Janice Marie Knight School","2020-21",1109,0.537,0.023,0.902,0.043,0.013,0.004,0.011,0.097,0.005,0.6,0.610459873760144,0.283137962128043,0,21.5178571428571,0.3,0.03,0.79,0.19,0.83,0.12
"262","18K285","I.S. 285 Meyer Levin","2020-21",762,0.529,0.007,0.904,0.062,0.005,0.01,0.008,0.239,0.047,0.77,0,1,0,22.9875,0.15,0.06,0.63,0.19,0.96,0.02
"263","18K366","The Science And Medicine Middle School","2020-21",390,0.544,0.015,0.864,0.09,0.005,0.008,0.018,0.236,0.036,0.79,0,1,0,22.6785714285714,0.09,0.12,0.65,0.3,0.79,0.15
"264","18K581","The Middle School of Media, Law and Fine Arts","2020-21",199,0.462,0.01,0.839,0.075,0.015,0.025,0.035,0.271,0.111,0.85,0,1,0,14.4285714285714,0.11,0.18,0.46,0.2,0.6,0.09
"265","18K588","Middle School for Art and Philosophy","2020-21",131,0.534,0,0.885,0.069,0,0.015,0.031,0.366,0.076,0.9,0,1,0,20.75,0.24,0.03,0.74,0.12,0.89,0
"266","18K763","Brooklyn Science and Engineering Academy","2020-21",359,0.379,0.017,0.891,0.058,0.014,0.006,0.011,0.223,0.019,0.8,0,1,0,17.6458333333333,0.21,0.05,0.74,0.12,1,0
"267","19K089","P.S. 089 Cypress Hills","2020-21",470,0.515,0.002,0.023,0.968,0.002,0.004,0,0.234,0.409,0.91,0.542553191489362,0.363829787234043,0,21.7,0.62,0.01,0.81,0.09,0.72,0.09
"268","19K171","I.S. 171 Abraham Lincoln","2020-21",343,0.405,0.076,0.079,0.819,0,0.017,0.009,0.181,0.294,0.95,0,1,0,21,0.59,0.07,0.71,0.13,0.93,0
"269","19K218","J.H.S. 218 James P. Sinnott","2020-21",333,0.465,0.135,0.444,0.369,0.006,0.021,0.024,0.306,0.222,0.88,0,1,0,21.047619047619,0.37,0.15,0.59,0.18,0.72,0
"270","19K292","J.H.S. 292 Margaret S. Douglas","2020-21",483,0.493,0.186,0.468,0.323,0.004,0.008,0.01,0.273,0.118,0.93,0,1,0,19.0520833333333,0.06,0.13,0.3,0.19,0.47,0.05
"271","19K364","I.S. 364 Gateway","2020-21",209,0.445,0.062,0.708,0.191,0,0.01,0.029,0.368,0.029,0.83,0,1,0,20.7083333333333,0.07,0.07,0.46,0.24,0.96,0
"272","19K404","Academy for Young Writers","2020-21",540,0.6,0.026,0.643,0.302,0.002,0.011,0.017,0.246,0.03,0.91,0,0.331481481481481,0.668518518518519,22.2222222222222,0.03,0.14,0.27,0.16,0.85,0.1
"273","19K409","East New York Family Academy","2020-21",558,0.48,0.03,0.694,0.251,0.005,0.013,0.004,0.242,0.025,0.92,0,0.39247311827957,0.60752688172043,26.2222222222222,0.27,0.03,0.47,0.15,0.79,0.03
"274","19K422","Spring Creek Community School","2020-21",531,0.446,0.013,0.704,0.239,0.004,0.009,0.021,0.258,0.04,0.83,0,0.404896421845574,0.595103578154426,20.7,0.06,0.06,0.09,0.15,0.43,0.43
"275","19K452","Frederick Douglass Academy VIII Middle School","2020-21",274,0.54,0.047,0.715,0.219,0,0,0.018,0.226,0.033,0.92,0,1,0,25.4761904761905,0.7,0.05,0.58,0.17,0.8,0
"276","19K654","Van Siclen Community Middle School","2020-21",286,0.462,0.014,0.689,0.266,0,0,0.031,0.325,0.115,0.94,0,1,0,21.452380952381,0.09,0.12,0.25,0.24,0.85,0
"277","19K661","Vista Academy","2020-21",477,0.463,0.075,0.224,0.658,0.004,0.017,0.019,0.214,0.086,0.95,0,1,0,25.1666666666667,0.08,0.11,0.64,0.14,0.95,0.12
"278","19K662","Liberty Avenue Middle School","2020-21",533,0.503,0.056,0.231,0.67,0.006,0.026,0.011,0.257,0.18,0.95,0,1,0,25.3472222222222,0.88,0,0.75,0.08,0.96,0
"279","19K663","School of the Future Brooklyn","2020-21",108,0.509,0.009,0.639,0.296,0,0.019,0.037,0.389,0.111,0.95,0,1,0,18.875,0.77,0.15,0.52,0.29,0.53,0.5
"280","19K678","East New York Middle School of Excellence","2020-21",245,0.473,0.033,0.49,0.433,0.012,0.012,0.02,0.257,0.155,0.95,0,1,0,23.7857142857143,0.98,0,0.96,0.03,0.75,0.06
"281","19K760","Highland Park Community School","2020-21",357,0.518,0.056,0.081,0.824,0.003,0.017,0.02,0.204,0.196,0.91,0,1,0,22.0714285714286,0.11,0.08,0.74,0.14,0.81,0
"282","19K907","Legacy School of the Arts","2020-21",142,0.542,0.035,0.627,0.289,0.007,0.007,0.028,0.254,0.056,0.9,0,1,0,23.4,0.24,0.18,0.7,0.26,0.94,0.07
"283","20K030","P.S./I.S. 30 Mary White Ovington","2020-21",961,0.466,0.2,0.01,0.357,0.01,0.005,0.417,0.204,0.223,0.75,0.467221644120708,0.439125910509886,0,23.7666666666667,0.22,0.07,0.73,0.17,0.91,0.04
"284","20K062","J.H.S. 062 Ditmas","2020-21",1109,0.488,0.386,0.14,0.32,0.008,0.005,0.141,0.188,0.226,0.83,0,1,0,22.2222222222222,0.1,0.06,0.65,0.13,0.87,0.05
"285","20K104","P.S./I.S. 104 The Fort Hamilton School","2020-21",1206,0.472,0.223,0.04,0.26,0.03,0.004,0.443,0.163,0.132,0.64,0.505804311774461,0.393034825870647,0,25.0326086956522,0.08,0.11,0.89,0.16,1,0.07
"286","20K163","P.S. 163 Bath Beach","2020-21",616,0.482,0.326,0.016,0.339,0.002,0,0.317,0.193,0.255,0.8,0.521103896103896,0.366883116883117,0,24.0614035087719,0.2,0.02,0.68,0.11,0.5,0
"287","20K180","The SEEALL Academy","2020-21",1036,0.479,0.445,0.014,0.307,0.01,0.004,0.221,0.189,0.255,0.89,0.420849420849421,0.498069498069498,0,22.8771929824561,0.59,0.03,0.95,0.12,0.75,0.02
"288","20K187","The Christa McAuliffe School\I.S. 187","2020-21",990,0.536,0.756,0.011,0.074,0.008,0.002,0.149,0.116,0.04,0.67,0,1,0,26.4943310657596,0.38,0.04,0.94,0.09,0.83,0
"289","20K192","P.S. 192 - The Magnet School for Math and Science","2020-21",643,0.498,0.168,0.017,0.457,0.002,0.003,0.353,0.213,0.271,0.82,0.567651632970451,0.314152410575428,0,22.1111111111111,0.54,0.04,0.96,0.09,0.76,0.03
"290","20K201","J.H.S. 201 The Dyker Heights","2020-21",1726,0.465,0.565,0.003,0.161,0.003,0.002,0.265,0.143,0.104,0.76,0,1,0,23.7794610151753,0.45,0.05,0.64,0.09,0.91,0
"291","20K220","J.H.S. 220 John J. Pershing","2020-21",1419,0.475,0.529,0.007,0.404,0.001,0.004,0.054,0.179,0.314,0.87,0,1,0,19.5136054421769,0.29,0.04,0.74,0.15,0.9,0.14
"292","20K223","J.H.S. 223 The Montauk","2020-21",888,0.429,0.539,0.029,0.288,0.005,0.008,0.131,0.166,0.258,0.85,0,1,0,20.7130456349206,0.17,0.1,0.64,0.14,0.94,0.03
"293","20K227","J.H.S. 227 Edward B. Shallow","2020-21",1536,0.469,0.555,0.01,0.324,0.001,0.003,0.107,0.174,0.238,0.89,0,1,0,20.3416666666667,0.54,0.06,0.87,0.12,0.98,0.03
"294","20K229","P.S. 229 Dyker","2020-21",1201,0.488,0.608,0.014,0.141,0.008,0.002,0.226,0.139,0.135,0.6,0.590341382181515,0.298917568692756,0,26.2866666666667,0.62,0.04,0.84,0.11,1,0.04
"295","20K259","J.H.S. 259 William McKinley","2020-21",1758,0.473,0.482,0.007,0.191,0.01,0.004,0.304,0.146,0.127,0.73,0,1,0,21.8854166666667,0.43,0.05,0.86,0.11,0.98,0
"296","20K609","Urban Assembly School for Leadership and Empowerme","2020-21",577,1,0.497,0.113,0.187,0.012,0.009,0.177,0.159,0.159,0.88,0,0.374350086655113,0.625649913344887,20.1111111111111,0.02,0.14,0.79,0.22,0.91,0.02
"297","20K686","Brooklyn School of Inquiry","2020-21",523,0.514,0.247,0.052,0.038,0.036,0.002,0.625,0.084,0.09,0.29,0.579349904397706,0.330783938814532,0,26.5909090909091,0.32,0.05,0.02,NA,0.72,0.11
"298","20K936","MS 936 Arts Off 3rd","2020-21",148,0.574,0.135,0.007,0.743,0,0.007,0.101,0.209,0.277,0.85,0,1,0,22.35,0.99,0.06,0.99,0.04,1,0.09
"299","21K095","P.S. 095 The Gravesend","2020-21",997,0.485,0.359,0.058,0.336,0.004,0.007,0.235,0.173,0.141,0.71,0.645937813440321,0.223671013039117,0,24.9066666666667,0.34,0.04,0.88,0.17,1,0
"300","21K096","I.S. 096 Seth Low","2020-21",814,0.466,0.301,0.071,0.334,0.004,0.002,0.287,0.229,0.285,0.76,0,1,0,22.2017006802721,0.15,0.02,0.82,0.13,0.75,0
"301","21K098","I.S. 98 Bay Academy","2020-21",1661,0.541,0.3,0.02,0.079,0.004,0.005,0.553,0.107,0.026,0.53,0,1,0,27.652380952381,0.1,0.06,0.88,0.11,0.85,0.02
"302","21K099","P.S. 099 Isaac Asimov","2020-21",843,0.498,0.44,0.06,0.177,0.005,0.006,0.312,0.132,0.268,0.77,0.590747330960854,0.315539739027283,0,21.1,0.05,0.05,0.67,0.09,0.93,0
"303","21K121","P.S. 121 Nelson A. Rockefeller","2020-21",315,0.438,0.21,0.054,0.4,0.006,0.006,0.324,0.267,0.241,0.74,0.555555555555556,0.352380952380952,0,17.6111111111111,0.2,0.06,0.88,0.09,0.75,0
"304","21K209","P.S. 209 Margaret Mead","2020-21",686,0.484,0.287,0.031,0.27,0.013,0.004,0.392,0.241,0.227,0.74,0.607871720116618,0.294460641399417,0,21.10625,0.4,0.03,0.86,0.18,0.63,0
"305","21K225","P.S. K225 - The Eileen E. Zaglin","2020-21",954,0.454,0.221,0.022,0.34,0,0.012,0.404,0.184,0.348,0.81,0.514675052410902,0.40041928721174,0,20.0947368421053,0.08,0.05,0.49,0.1,0.51,0.08
"306","21K226","P.S. 226 Alfred De B. Mason","2020-21",943,0.481,0.291,0.014,0.324,0.006,0.013,0.352,0.172,0.317,0.78,0.583244962884411,0.32237539766702,0,20.5066666666667,0.66,0.03,0.86,0.12,0.99,0.01
"307","21K228","I.S. 228 David A. Boody","2020-21",1591,0.455,0.299,0.045,0.221,0.006,0.006,0.42,0.153,0.167,0.74,0,1,0,21.5736721611722,0.38,0.04,0.84,0.12,0.7,0.04
"308","21K238","P.S. 238 Anne Sullivan","2020-21",607,0.504,0.221,0.028,0.473,0.007,0,0.272,0.209,0.448,0.82,0.606260296540362,0.275123558484349,0,22.2083333333333,0.23,0.04,0.78,0.2,0.76,0.02
"309","21K239","Mark Twain I.S. 239 for the Gifted & Talented","2020-21",1334,0.563,0.269,0.06,0.09,0.029,0.003,0.513,0.153,0.014,0.35,0,1,0,23.1333333333333,0.41,0.06,0.6,0.11,0.78,0.02
"310","21K281","I.S. 281 Joseph B Cavallaro","2020-21",1189,0.476,0.415,0.056,0.252,0.004,0.006,0.263,0.183,0.204,0.8,0,1,0,23.2541666666667,0.13,0.08,0.61,0.15,0.74,0.08
"311","21K288","P.S. 288 The Shirley Tanyhill","2020-21",550,0.491,0.022,0.615,0.316,0,0.004,0.044,0.291,0.047,0.94,0.581818181818182,0.323636363636364,0,23.6470588235294,0.03,0,0.39,0.18,0.62,0.09
"312","21K303","I.S. 303 Herbert S. Eisenberg","2020-21",525,0.482,0.251,0.118,0.349,0.002,0.006,0.274,0.145,0.173,0.8,0,1,0,21.1354166666667,0.85,0.09,0.92,0.15,0.95,0.11
"313","21K468","Kingsborough Early College School","2020-21",754,0.487,0.081,0.237,0.373,0.013,0,0.282,0.187,0.041,0.67,0,0.435013262599469,0.564986737400531,18.525,0.05,0.06,0.04,0.07,0.65,0
"314","21K690","Brooklyn Studio Secondary School","2020-21",963,0.469,0.212,0.032,0.312,0.005,0.004,0.429,0.204,0.208,0.72,0,0.371754932502596,0.628245067497404,21.6190476190476,0.07,0.03,0.55,0.18,0.4,0.12
"315","22K014","J.H.S. 014 Shell Bank","2020-21",528,0.443,0.165,0.347,0.18,0.004,0.006,0.299,0.246,0.239,0.9,0,1,0,17.6994047619048,0.08,0.07,0.38,0.15,0.74,0
"316","22K078","J.H.S. 078 Roy H. Mann","2020-21",511,0.476,0.08,0.603,0.147,0.014,0.01,0.147,0.266,0.053,0.71,0,1,0,21.53125,0.17,0.07,0.69,0.09,0.88,0.03
"317","22K109","P.S. 109","2020-21",506,0.468,0.034,0.743,0.176,0.008,0.016,0.024,0.287,0.085,0.86,0.515810276679842,0.371541501976285,0,20.9087301587302,0.11,0.05,0.56,0.23,0.6,0.07
"318","22K206","P.S. 206 Joseph F Lamb","2020-21",1517,0.511,0.452,0.018,0.103,0.011,0.008,0.407,0.127,0.276,0.72,0.578773895847067,0.31641397495056,0,22.1364145658263,0.21,0.03,0.79,0.17,0.71,0.04
"319","22K207","P.S. 207 Elizabeth G. Leary","2020-21",1016,0.474,0.179,0.318,0.166,0.027,0.005,0.305,0.183,0.047,0.42,0.549212598425197,0.360236220472441,0,23.8796296296296,0.15,0.07,0.81,0.1,0.73,0.04
"320","22K234","J.H.S. 234 Arthur W. Cunningham","2020-21",1406,0.487,0.274,0.118,0.143,0.006,0.009,0.449,0.151,0.133,0.71,0,1,0,25.6418081918082,0.13,0.07,0.04,0.24,0.39,0.12
"321","22K240","Andries Hudde","2020-21",584,0.455,0.142,0.589,0.19,0.003,0.012,0.063,0.283,0.192,0.89,0,1,0,19.2708333333333,0.25,0.08,0.79,0.22,0.98,0.16
"322","22K278","J.H.S. 278 Marine Park","2020-21",1261,0.504,0.141,0.337,0.163,0.021,0.006,0.329,0.188,0.06,0.68,0,1,0,20.9729166666667,0.2,0.15,0.51,0.16,0.76,0.31
"323","22K381","I. S. 381","2020-21",316,0.437,0.092,0.576,0.165,0.025,0.019,0.12,0.225,0.142,0.72,0,1,0,23.6190476190476,0.43,0.02,0.71,0.14,0.87,0
"324","22K890","M.S. 890","2020-21",289,0.467,0.135,0.367,0.388,0.014,0.007,0.087,0.19,0.073,0.75,0,1,0,20.3809523809524,0.72,0.02,0.92,0.07,1,0.04
"325","23K041","P.S. 041 Francis White","2020-21",290,0.431,0.007,0.583,0.317,0.045,0.034,0.014,0.279,0.055,0.95,0.46551724137931,0.441379310344828,0,20.1666666666667,0.22,0.02,0.79,0.17,0.9,0.16
"326","23K155","P.S./ I.S. 155 Nicholas Herkimer","2020-21",341,0.487,0.021,0.481,0.46,0,0.015,0.023,0.232,0.194,0.93,0.662756598240469,0.255131964809384,0,16.9090909090909,0.25,0.13,0.74,0.15,0.91,0
"327","23K178","P.S. 178 Saint Clair Mckelway","2020-21",280,0.475,0.011,0.696,0.211,0.014,0.021,0.046,0.15,0.079,0.91,0.560714285714286,0.371428571428571,0,20.8181818181818,0.29,0.04,0.64,0.21,0.79,0.05
"328","23K184","P.S. 184 Newport","2020-21",458,0.441,0.004,0.679,0.295,0.002,0.009,0.011,0.293,0.048,0.91,0.561135371179039,0.342794759825328,0,18.1166666666667,0.19,0,0.49,0.18,0.68,0.03
"329","23K323","P.S./I.S. 323","2020-21",505,0.533,0.014,0.752,0.202,0.004,0.006,0.022,0.198,0.05,0.93,0.526732673267327,0.392079207920792,0,21.9824561403509,0.68,0.06,0.71,0.22,0.78,0.03
"330","23K363","Brownsville Collaborative Middle School","2020-21",265,0.483,0.004,0.732,0.253,0.004,0,0.008,0.328,0.102,0.92,0,1,0,20.952380952381,0.03,0,0.45,0.18,0.18,NA
"331","23K392","I.S. 392","2020-21",326,0.571,0.018,0.791,0.147,0.003,0.015,0.018,0.178,0.006,0.81,0,1,0,23.1428571428571,0.3,0.03,0.81,0.18,0.91,0
"332","23K518","Kappa V (Knowledge and Power Preparatory Academy)","2020-21",133,0.459,0,0.85,0.128,0.008,0.015,0,0.301,0.023,0.91,0,1,0,11.875,0.13,0.12,0.75,0.23,0.67,0
"333","23K522","Mott Hall IV","2020-21",131,0.504,0.008,0.748,0.229,0,0.008,0.008,0.298,0.015,0.84,0,1,0,12.25,0.17,0.1,0.74,0.12,0.93,0
"334","23K644","Eagle Academy for Young Men II","2020-21",620,0,0.003,0.866,0.108,0.002,0.01,0.008,0.315,0.006,0.76,0,0.388709677419355,0.611290322580645,19.7142857142857,0.27,0.05,0.14,0.18,0.62,0
"335","23K664","Brooklyn Environmental Exploration School (BEES)","2020-21",172,0.471,0.006,0.744,0.203,0.017,0.029,0,0.384,0.035,0.95,0,1,0,16.8888888888889,0.71,0.01,0.48,0.07,0.7,0
"336","23K668","Riverdale Avenue Middle School","2020-21",126,0.516,0.032,0.667,0.262,0,0.024,0.016,0.333,0.079,0.95,0,1,0,16.6428571428571,0.99,0.02,0.72,0.19,0.71,0
"337","23K671","Mott Hall Bridges Academy","2020-21",204,0.525,0,0.745,0.23,0,0.015,0.01,0.328,0.029,0.95,0,1,0,16.7619047619048,0.26,0.06,0.57,0.11,0.67,0
"338","24Q005","I.S. 5 - The Walter Crowley Intermediate School","2020-21",1644,0.474,0.377,0.018,0.577,0.001,0.004,0.023,0.19,0.211,0.77,0,1,0,25.2340136054422,0.18,0.05,0.78,0.14,0.92,0.01
"339","24Q049","P.S. 049 Dorothy Bonawit Kole","2020-21",1146,0.496,0.201,0.012,0.264,0.01,0.007,0.504,0.18,0.09,0.42,0.524432809773124,0.37347294938918,0,28.25,0.07,0.06,0.35,0.09,0.75,0
"340","24Q058","P.S. 58 - The School of Heroes","2020-21",931,0.469,0.407,0.005,0.407,0.01,0.004,0.166,0.164,0.132,0.71,0.755102040816326,0.123523093447905,0,24.40625,0.36,0.02,0.83,0.11,0.77,0.06
"341","24Q061","I.S. 061 Leonardo Da Vinci","2020-21",2135,0.491,0.042,0.018,0.921,0.001,0.004,0.014,0.216,0.373,0.92,0,1,0,22.6455672799423,0.06,0.07,0.17,0.13,0.3,0.02
"342","24Q073","I.S. 73 - The Frank Sansivieri Intermediate School","2020-21",2069,0.483,0.257,0.006,0.62,0.002,0.003,0.11,0.189,0.168,0.71,0,1,0,24.7106575963719,0.16,0.06,0.8,0.15,0.49,0.04
"343","24Q077","I.S. 077","2020-21",772,0.504,0.083,0.017,0.828,0.003,0.003,0.067,0.291,0.229,0.86,0,1,0,23.4632653061224,0.06,0.04,0.53,0.16,0.73,0.06
"344","24Q087","P.S./I.S. 087 Middle Village","2020-21",558,0.489,0.052,0.016,0.581,0.014,0.007,0.328,0.22,0.086,0.59,0.57168458781362,0.32258064516129,0,23.8842105263158,0.1,0.02,0.32,0.13,0.49,0
"345","24Q093","I.S. 093 Ridgewood","2020-21",1083,0.471,0.064,0.017,0.73,0.002,0.008,0.179,0.205,0.165,0.94,0,1,0,21.5246031746032,0.13,0.06,0.54,0.13,0.94,0.01
"346","24Q102","P.S. 102 Bayview","2020-21",1233,0.47,0.618,0.037,0.301,0.007,0.008,0.028,0.13,0.157,0.83,0.543390105433901,0.364963503649635,0,24.705,0.12,0.03,0.86,0.12,0.86,0
"347","24Q113","P.S./I.S. 113 Anthony J. Pranzo","2020-21",839,0.489,0.077,0.013,0.437,0.011,0.001,0.46,0.148,0.075,0.47,0.553039332538737,0.34326579261025,0,25.5972222222222,0.74,0.03,0.88,0.12,1,0
"348","24Q119","P.S./I.S. 119 The Glendale","2020-21",1269,0.506,0.334,0.013,0.276,0.013,0.006,0.358,0.099,0.051,0.74,0.403467297084318,0.53585500394011,0,23.3206666666667,0.42,0.07,0.61,0.16,0.94,0.07
"349","24Q125","I.S. 125 Thom J. McCann Woodside","2020-21",1376,0.527,0.37,0.02,0.544,0.005,0.006,0.053,0.17,0.195,0.76,0,1,0,23.9664772727273,0.19,0.05,0.79,0.13,0.76,0.05
"350","24Q128","P.S. 128 The Lorraine Tuzzo, Juniper Valley Elemen","2020-21",836,0.486,0.049,0.008,0.196,0.011,0.004,0.732,0.141,0.054,0.28,0.502392344497608,0.413875598086124,0,20.7631578947368,0.2,0.07,0.79,0.19,0.75,0.02
"351","24Q153","P.S. 153 Maspeth Elem","2020-21",943,0.476,0.136,0.012,0.421,0.012,0.006,0.414,0.183,0.138,0.71,0.768822905620361,0.118769883351007,0,20.1541666666667,0.11,0.04,0.91,0.08,0.91,0.01
"352","24Q311","Corona Arts & Sciences Academy","2020-21",735,0.483,0.015,0.011,0.965,0,0.003,0.005,0.234,0.312,0.95,0,1,0,26.7547619047619,0.15,0.03,0.53,0.13,0.74,0.02
"353","24Q560","Robert F. Wagner, Jr. Secondary School for Arts an","2020-21",645,0.431,0.237,0.051,0.513,0.014,0.003,0.163,0.169,0.033,0.74,0,0.286821705426357,0.713178294573643,52.3333333333333,0.32,0.07,0.67,0.12,0.37,0
"354","25Q025","I.S. 025 Adrien Block","2020-21",1033,0.464,0.587,0.014,0.242,0.009,0.004,0.145,0.154,0.135,0.6,0,1,0,24.4813988095238,0.23,0.05,0.75,0.12,0.6,0
"355","25Q164","P.S. 164 Queens Valley","2020-21",609,0.511,0.33,0.044,0.258,0.008,0.005,0.355,0.159,0.099,0.71,0.505747126436782,0.407224958949097,0,22.6710526315789,0.35,0.02,0.83,0.21,0.54,0.04
"356","25Q185","J.H.S. 185 Edward Bleeker","2020-21",1401,0.468,0.605,0.017,0.278,0.008,0.002,0.089,0.153,0.136,0.74,0,1,0,24.615367965368,0.18,0.05,0.8,0.1,0.85,0.01
"357","25Q189","J.H.S. 189 Daniel Carter Beard","2020-21",714,0.496,0.629,0.034,0.311,0.004,0.001,0.021,0.158,0.217,0.76,0,1,0,21.7395833333333,0.22,0.04,0.63,0.15,0.88,0.08
"358","25Q194","J.H.S. 194 William Carr","2020-21",1191,0.473,0.492,0.013,0.243,0.008,0.003,0.238,0.128,0.096,0.59,0,1,0,22.7343073593074,0.29,0.08,0.54,0.15,0.68,0
"359","25Q200","P.S./M.S. 200 - The Magnet School of Global Studie","2020-21",525,0.499,0.147,0.194,0.516,0.017,0.015,0.11,0.196,0.069,0.69,0.579047619047619,0.327619047619048,0,24.0877192982456,0.24,0.01,0.58,0.25,0.64,0
"360","25Q219","P.S. 219 Paul Klapper","2020-21",627,0.447,0.501,0.064,0.3,0.002,0.006,0.128,0.301,0.177,0.73,0.5311004784689,0.37799043062201,0,21.5098039215686,0.24,0.02,0.74,0.11,0.9,0.03
"361","25Q237","I.S. 237","2020-21",1319,0.484,0.787,0.039,0.155,0.005,0.002,0.011,0.117,0.204,0.73,0,1,0,21.3020833333333,0.11,0.08,0.78,0.17,0.74,0.22
"362","25Q250","I.S. 250 The Robert F. Kennedy Community Middle Sc","2020-21",327,0.434,0.235,0.284,0.364,0,0.024,0.092,0.248,0.171,0.8,0,1,0,26.6071428571429,0.16,0.06,0.81,0.21,0.9,0.11
"363","25Q252","Queens School of Inquiry, The","2020-21",608,0.497,0.436,0.141,0.227,0.01,0.003,0.168,0.153,0.044,0.61,0,0.424342105263158,0.575657894736842,15.8833333333333,0.08,0.02,0.6,0.15,0.8,0
"364","25Q281","East-West School of International Studies","2020-21",674,0.45,0.726,0.045,0.169,0.007,0.003,0.043,0.147,0.11,0.79,0,0.43620178041543,0.56379821958457,23,0.24,0.06,0.49,0.11,0.81,0.02
"365","25Q285","World Journalism Preparatory: A College Board Scho","2020-21",624,0.559,0.184,0.038,0.375,0.013,0.003,0.369,0.205,0.027,0.56,0,0.439102564102564,0.560897435897436,30.0833333333333,0.26,0.08,0.75,0.18,0.74,0
"366","25Q294","BELL Academy","2020-21",353,0.49,0.397,0.031,0.269,0.025,0,0.272,0.193,0.051,0.46,0,1,0,27.6428571428571,0.18,0.02,0.88,0.15,0.75,0
"367","25Q379","College Point Collaborative","2020-21",481,0.489,0.146,0.01,0.699,0.004,0.004,0.137,0.181,0.146,0.76,0,1,0,23.8095238095238,0.22,0.03,0.73,0.14,0.88,0
"368","25Q499","The Queens College School for Math, Science and Te","2020-21",514,0.533,0.498,0.183,0.181,0.053,0.012,0.074,0.117,0.029,0.49,0.571984435797665,0.340466926070039,0,25,0.3,0.03,0.88,0.16,0.59,0
"369","26Q067","J.H.S. 067 Louis Pasteur","2020-21",1044,0.481,0.604,0.052,0.125,0.016,0.004,0.19,0.109,0.038,0.41,0,1,0,23.875,0.27,0.03,0.89,0.13,0.68,0.02
"370","26Q074","J.H.S. 074 Nathaniel Hawthorne","2020-21",1110,0.44,0.654,0.034,0.131,0.026,0.001,0.152,0.152,0.057,0.47,0,1,0,22.8966049382716,0.35,0.03,0.73,0.11,0.75,0.04
"371","26Q158","M.S. 158 Marie Curie","2020-21",972,0.489,0.652,0.038,0.152,0.021,0.002,0.134,0.135,0.063,0.52,0,1,0,21.3645833333333,0.29,0.08,0.7,0.17,0.61,0
"372","26Q172","Irwin Altman Middle School 172","2020-21",974,0.479,0.642,0.081,0.143,0.018,0.017,0.098,0.167,0.073,0.54,0,1,0,26.0255102040816,0.3,0.05,0.77,0.21,0.29,0.11
"373","26Q178","P.S./ IS 178 Holliswood","2020-21",515,0.515,0.155,0.058,0.105,0.014,0.016,0.652,0.151,0.07,0.4,0.56504854368932,0.34368932038835,0,23.8684210526316,0.21,0.09,0.86,0.23,0.71,0.04
"374","26Q216","J.H.S. 216 George J. Ryan","2020-21",1577,0.496,0.685,0.049,0.128,0.015,0.006,0.115,0.1,0.081,0.66,0,1,0,24.7355769230769,0.15,0.08,0.65,0.12,0.57,0.02
"375","26Q266","P.S./I.S. 266","2020-21",584,0.497,0.322,0.269,0.26,0.024,0.017,0.106,0.226,0.026,0.49,0.520547945205479,0.405821917808219,0,20.7166666666667,0.31,0.01,0.85,0.15,0.71,0
"376","27Q042","P.S./M.S 042 R. Vernam","2020-21",615,0.528,0.023,0.678,0.252,0.024,0.007,0.016,0.276,0.033,0.95,0.619512195121951,0.292682926829268,0,21.7781954887218,0.04,0,0.5,0.21,0.98,0.06
"377","27Q043","P.S. 043","2020-21",784,0.496,0.013,0.61,0.356,0.003,0,0.019,0.24,0.068,0.93,0.607142857142857,0.303571428571429,0,21.212962962963,0.02,0.11,0.31,0.26,0.64,0.26
"378","27Q047","P.S. 047 Chris Galas","2020-21",248,0.496,0.036,0.048,0.137,0.012,0,0.766,0.306,0.012,0.35,0.588709677419355,0.314516129032258,0,20.9666666666667,0.12,0.03,0.44,0.09,0.96,0
"379","27Q053","M.S. 053 Brian Piccolo","2020-21",158,0.367,0,0.5,0.443,0.032,0.013,0.013,0.348,0.215,0.88,0,1,0,22.1666666666667,0.6,0.05,0.81,0.16,1,0.11
"380","27Q105","P.S. 105 The Bay School","2020-21",779,0.48,0.026,0.61,0.34,0.004,0.012,0.009,0.297,0.033,0.94,0.540436456996149,0.369704749679076,0,21.9125,0.04,0.03,0.76,0.25,0.81,0.04
"381","27Q114","P.S./M.S. 114 Belle Harbor","2020-21",642,0.484,0.016,0.014,0.123,0.012,0,0.833,0.224,0.009,0.2,0.682242990654206,0.191588785046729,0,21.3148148148148,0.18,0.03,0.82,0.13,0.92,0
"382","27Q124","P.S. 124 Osmond A Church","2020-21",1083,0.472,0.482,0.176,0.177,0.013,0.108,0.042,0.114,0.076,0.63,0.518928901200369,0.404432132963989,0,23.8472222222222,0.09,0.02,0.86,0.14,0.5,0.06
"383","27Q137","M.S. 137 America's School of Heroes","2020-21",1930,0.484,0.498,0.04,0.394,0.004,0.025,0.039,0.156,0.109,0.79,0,1,0,23.5075892857143,0.14,0.07,0.66,0.12,0.9,0
"384","27Q146","P.S. 146 Howard Beach","2020-21",545,0.517,0.084,0.022,0.387,0.006,0.017,0.484,0.226,0.029,0.49,0.565137614678899,0.344954128440367,0,24.3529411764706,0.21,0.05,0.99,0.16,0.75,0.1
"385","27Q183","P.S. 183 Dr. Richard R. Green","2020-21",447,0.45,0.029,0.588,0.275,0.004,0.027,0.076,0.331,0.065,0.92,0.590604026845638,0.313199105145414,0,20.9266666666667,0.04,0.16,0.72,0.21,0.45,0.2
"386","27Q202","J.H.S. 202 Robert H. Goddard","2020-21",1033,0.477,0.336,0.079,0.474,0.008,0.04,0.061,0.17,0.094,0.78,0,1,0,20.8072916666667,0.34,0.06,0.61,0.12,0.93,0
"387","27Q207","P.S. 207 Rockwood Park","2020-21",661,0.483,0.051,0.02,0.225,0.012,0.002,0.69,0.186,0.012,0.31,0.623298033282905,0.270801815431165,0,21.6315789473684,0.1,0.07,0.57,0.21,0.78,0
"388","27Q210","J.H.S. 210 Elizabeth Blackwell","2020-21",1692,0.462,0.282,0.048,0.609,0.007,0.024,0.029,0.188,0.177,0.77,0,1,0,21.9169528388278,0.12,0.1,0.73,0.21,0.91,0.08
"389","27Q226","J.H.S. 226 Virgil I. Grissom","2020-21",864,0.455,0.306,0.309,0.225,0.008,0.138,0.014,0.218,0.075,0.91,0,1,0,24.2020833333333,0.24,0.1,0.81,0.19,0.9,0.05
"390","27Q232","P.S. 232 Lindenwood","2020-21",890,0.491,0.067,0.057,0.538,0.015,0.007,0.313,0.198,0.035,0.52,0.541573033707865,0.370786516853933,0,23.5833333333333,0.13,0.04,0.12,0.1,0.45,0.03
"391","27Q262","Channel View School for Research","2020-21",1177,0.486,0.069,0.402,0.399,0.013,0.012,0.102,0.15,0.034,0.73,0,0.401869158878505,0.598130841121495,24.3055555555556,0.27,0.07,0.66,0.16,0.9,0.04
"392","27Q297","Hawtree Creek Middle School","2020-21",394,0.485,0.251,0.294,0.228,0.008,0.178,0.041,0.226,0.063,0.85,0,1,0,25.7916666666667,0.33,0.02,0.81,0.09,0.97,0
"393","27Q309","Academy of Medical Technology: A College Board Sch","2020-21",712,0.49,0.049,0.383,0.494,0.007,0.021,0.041,0.16,0.164,0.8,0,0.349719101123595,0.650280898876405,14.375,0.02,0.06,0.51,0.13,0.88,0.04
"394","27Q318","Waterside School For Leadership","2020-21",199,0.462,0.055,0.523,0.342,0.015,0.015,0.05,0.281,0.085,0.86,0,1,0,15.4375,0.38,0.12,0.85,0.18,0.9,0.11
"395","27Q319","Village Academy","2020-21",367,0.477,0.008,0.515,0.45,0.003,0.011,0.014,0.305,0.166,0.84,0,1,0,21.3333333333333,0.4,0.05,0.88,0.18,1,0.03
"396","27Q323","Scholars' Academy","2020-21",1240,0.54,0.206,0.162,0.194,0.012,0.012,0.408,0.147,0.002,0.42,0,0.47258064516129,0.52741935483871,30.6666666666667,0.36,0.04,0.88,0.15,0.88,0.06
"397","28Q008","J.H.S. 008 Richard S. Grossley","2020-21",442,0.5,0.183,0.394,0.326,0.009,0.072,0.014,0.217,0.122,0.84,0,1,0,22.3571428571429,0.1,0.07,0.4,0.22,0.77,0.04
"398","28Q072","Catherine & Count Basie Middle School 72","2020-21",246,0.496,0.081,0.679,0.142,0.008,0.065,0.024,0.276,0.085,0.82,0,1,0,19.3333333333333,0.11,0.11,0.26,0.23,0.65,0
"399","28Q099","P.S. 099 Kew Gardens","2020-21",696,0.514,0.213,0.06,0.401,0.059,0.01,0.257,0.19,0.119,0.53,0.737068965517241,0.102011494252874,0,21.671875,0.34,0.02,0.8,0.09,0.98,0.02
"400","28Q157","J.H.S. 157 Stephen A. Halsey","2020-21",1648,0.506,0.255,0.072,0.226,0.037,0.007,0.4,0.147,0.104,0.49,0,0.986650485436893,0.0133495145631068,26.7435897435897,0.69,0.02,0.76,0.12,0.96,0.03
"401","28Q167","Metropolitan Expeditionary Learning School","2020-21",839,0.454,0.226,0.144,0.406,0.029,0.048,0.142,0.193,0.043,0.65,0,0.461263408820024,0.538736591179976,25.1428571428571,0.11,0.07,0.47,0.15,0.47,0
"402","28Q190","J.H.S. 190 Russell Sage","2020-21",1148,0.472,0.33,0.077,0.267,0.041,0.014,0.268,0.142,0.11,0.45,0,1,0,24.1458333333333,0.16,0.11,0.66,0.18,0.65,0.05
"403","28Q217","J.H.S. 217 Robert A. Van Wyck","2020-21",1591,0.479,0.335,0.113,0.46,0.006,0.047,0.038,0.165,0.199,0.75,0,1,0,24.9061985633414,0.51,0.06,0.77,0.14,0.93,0.04
"404","28Q284","York Early College Academy","2020-21",627,0.533,0.255,0.491,0.113,0.008,0.105,0.01,0.136,0.01,0.77,0,0.419457735247209,0.580542264752791,26.5,0.37,0.03,0.77,0.12,0.88,0.03
"405","28Q287","The Emerson School","2020-21",389,0.506,0.237,0.465,0.239,0,0.044,0.015,0.237,0.121,0.87,0,1,0,23.1047619047619,0.04,0.2,0.76,0.25,0.76,0.12
"406","28Q310","Queens Collegiate: A College Board School","2020-21",653,0.499,0.291,0.372,0.201,0.008,0.074,0.018,0.153,0.109,0.81,0,0.421133231240429,0.578866768759571,23.5714285714286,0.05,0.06,0.5,0.17,0.63,0.03
"407","28Q332","Redwood Middle School","2020-21",280,0.432,0.096,0.75,0.082,0.011,0.043,0.018,0.254,0.05,0.66,0,1,0,18.25,0.06,0.06,0.4,0.23,0.64,0
"408","28Q358","M.S. 358","2020-21",347,0.545,0.288,0.231,0.427,0.003,0.046,0.006,0.193,0.173,0.88,0,1,0,26.5714285714286,0.28,0.01,0.12,0.05,0.93,0
"409","28Q680","Queens Gateway to Health Sciences Secondary School","2020-21",720,0.54,0.528,0.233,0.094,0.003,0.061,0.036,0.14,0.014,0.56,0,0.386111111111111,0.613888888888889,14.4761904761905,0.08,0.23,0.58,0.24,0.33,0.29
"410","28Q896","Young Women's Leadership School, Queens","2020-21",579,1,0.413,0.335,0.133,0.014,0.033,0.035,0.145,0.031,0.69,0,0.443868739205527,0.556131260794473,23.7222222222222,0.2,0.12,0.46,0.33,0.76,0.04
"411","29Q059","I.S. 059 Springfield Gardens","2020-21",515,0.483,0.017,0.878,0.08,0.004,0.01,0.012,0.208,0.052,0.72,0,1,0,20.625,0.17,0.11,0.06,0.15,0.8,0.07
"412","29Q109","Jean Nuzzi Intermediate School","2020-21",1121,0.461,0.315,0.389,0.178,0.009,0.078,0.03,0.153,0.1,0.71,0,1,0,22.0972222222222,0.04,0.16,0.59,0.21,0.8,0.02
"413","29Q116","P.S./I.S. 116 William C. Hughley","2020-21",805,0.491,0.122,0.439,0.394,0,0.03,0.016,0.189,0.234,0.78,0.6,0.294409937888199,0,22.484649122807,0.05,0.05,0.31,0.23,0.88,0.05
"414","29Q138","P.S./M.S. 138 Sunrise","2020-21",588,0.471,0.056,0.747,0.126,0.027,0.014,0.031,0.165,0.085,0.74,0.474489795918367,0.452380952380952,0,22.7736842105263,0.08,0.02,0.53,0.27,0.78,0
"415","29Q147","P.S./M.S. 147 Ronald McNair","2020-21",502,0.484,0.03,0.831,0.11,0.002,0.02,0.006,0.225,0.06,0.64,0.48605577689243,0.442231075697211,0,22.1960784313725,0.14,0.05,0.62,0.21,0.88,0.2
"416","29Q192","I.S. 192 The Linden","2020-21",410,0.461,0.061,0.751,0.151,0,0.032,0.005,0.244,0.085,0.81,0,1,0,20.65625,0.17,0.06,0.34,0.17,0.6,0.06
"417","29Q208","P.S./I.S. 208","2020-21",727,0.484,0.081,0.717,0.136,0.023,0.025,0.017,0.201,0.022,0.51,0.463548830811554,0.449793672627235,0,22.7631578947368,0.15,0.04,0.06,0.17,0.35,0
"418","29Q238","I.S. 238 - Susan B. Anthony Academy","2020-21",1132,0.478,0.31,0.27,0.33,0.008,0.061,0.02,0.151,0.196,0.76,0,1,0,20.6521464646465,0.29,0.1,0.61,0.2,0.8,0.08
"419","29Q259","Pathways College Preparatory School: A College Boa","2020-21",617,0.47,0.091,0.797,0.065,0.008,0.024,0.01,0.165,0.036,0.77,0,0.455429497568882,0.544570502431118,18.2857142857143,0.16,0.06,0.65,0.24,0.3,0
"420","29Q268","P.S./I.S. 268","2020-21",628,0.508,0.261,0.202,0.4,0.006,0.102,0.029,0.166,0.197,0.79,0.571656050955414,0.332802547770701,0,24.6333333333333,0.24,0.03,0.79,0.18,0.94,0.02
"421","29Q270","The Gordon Parks School","2020-21",698,0.517,0.011,0.931,0.036,0.01,0.01,0.001,0.15,0.006,0.69,0.449856733524355,0.481375358166189,0,26.0055555555556,0.21,0.04,0.59,0.21,0.69,0.03
"422","29Q283","Preparatory Academy for Writers: A College Board S","2020-21",541,0.508,0.037,0.823,0.104,0.004,0.017,0.015,0.146,0.043,0.67,0,0.390018484288355,0.609981515711645,17.1944444444444,0.03,0.12,0.07,0.2,0.35,0.1
"423","29Q289","Queens United Middle School","2020-21",174,0.534,0.029,0.879,0.069,0,0.011,0.011,0.253,0.052,0.73,0,1,0,19.5238095238095,0.11,0.05,0.58,0.29,0.76,0
"424","29Q295","P.S./I.S. 295","2020-21",533,0.467,0.295,0.25,0.364,0.013,0.053,0.026,0.169,0.088,0.71,0.553470919324578,0.356472795497186,0,23.84,0.49,0.04,0.82,0.21,0.73,0
"425","29Q327","Eagle Academy for Young Men III","2020-21",422,0,0.028,0.858,0.043,0.005,0.026,0.017,0.249,0.012,0.7,0,0.447867298578199,0.552132701421801,19.5,0.14,0.13,0.33,0.2,0.53,0.12
"426","29Q355","Collaborative Arts Middle School","2020-21",393,0.601,0.01,0.847,0.112,0.005,0.015,0.01,0.206,0.046,0.75,0,1,0,25,0.3,0.05,0.65,0.14,1,0
"427","29Q356","Community Voices Middle School","2020-21",319,0.42,0.022,0.821,0.113,0.006,0.025,0.013,0.288,0.06,0.77,0,1,0,21.2083333333333,0.22,0.09,0.24,0.14,0.97,0.11
"428","30Q010","I.S. 010 Horace Greeley","2020-21",762,0.449,0.196,0.085,0.539,0.004,0.007,0.169,0.205,0.155,0.81,0,1,0,19.6299603174603,0.33,0.02,0.57,0.12,0.92,0.02
"429","30Q011","P.S. 011 Kathryn Phelan","2020-21",820,0.478,0.327,0.015,0.509,0.021,0.01,0.12,0.18,0.221,0.69,0.726829268292683,0.170731707317073,0,21.9188888888889,0.2,0.04,0.63,0.12,0.85,0.07
"430","30Q078","P.S./I.S. 78Q","2020-21",678,0.485,0.264,0.04,0.232,0.063,0.007,0.394,0.121,0.065,0.19,0.622418879056047,0.266961651917404,0,21.0666666666667,0.16,0.06,0.7,0.2,0.51,0
"431","30Q111","P.S. 111 Jacob Blackwell","2020-21",329,0.502,0.04,0.523,0.395,0.006,0.018,0.018,0.286,0.125,0.95,0.595744680851064,0.288753799392097,0,15.9375,0.57,0.19,0.92,0.26,0.84,0.06
"432","30Q122","P.S. 122 Mamie Fay","2020-21",1261,0.483,0.28,0.033,0.172,0.044,0.003,0.465,0.079,0.083,0.5,0.636003172085646,0.250594766058684,0,23.518115942029,0.24,0.03,0.64,0.14,0.55,0.05
"433","30Q126","Albert Shanker School for Visual and Performing Ar","2020-21",582,0.469,0.308,0.151,0.418,0.007,0.014,0.103,0.153,0.093,0.78,0,1,0,21.7642857142857,0.16,0.07,0.64,0.2,0.84,0.06
"434","30Q127","P.S. 127 Aerospace Science Magnet School","2020-21",1109,0.475,0.124,0.097,0.746,0.003,0.005,0.025,0.168,0.32,0.83,0.556357078449053,0.360685302073941,0,21.1228070175439,0.13,0.03,0.49,0.18,0.68,0.11
"435","30Q141","I.S. 141 The Steinway","2020-21",1166,0.468,0.157,0.045,0.374,0.021,0.009,0.39,0.159,0.093,0.69,0,1,0,22.4572094572095,0.61,0.04,0.81,0.1,0.95,0.01
"436","30Q145","I.S. 145 Joseph Pulitzer","2020-21",1602,0.492,0.066,0.011,0.9,0.001,0.002,0.019,0.15,0.225,0.92,0,1,0,24.8830455259027,0.93,0.03,0.94,0.13,0.88,0.1
"437","30Q150","P.S. 150 Queens","2020-21",918,0.496,0.276,0.008,0.429,0.042,0.008,0.237,0.124,0.166,0.62,0.776688453159041,0.0860566448801743,0,22.33125,0.43,0.04,0.77,0.02,0.76,0.04
"438","30Q204","I.S. 204 Oliver W. Holmes","2020-21",382,0.466,0.162,0.188,0.552,0.003,0.01,0.084,0.277,0.165,0.88,0,1,0,16.8541666666667,0.81,0.09,0.94,0.23,1,0.07
"439","30Q227","I.S. 227 Louis Armstrong","2020-21",1541,0.498,0.201,0.11,0.44,0.021,0.006,0.219,0.145,0.069,0.66,0.113562621674238,0.886437378325763,0,26.287037037037,0.26,0.05,0.65,0.12,0.89,0
"440","30Q230","I.S. 230","2020-21",1133,0.501,0.364,0.004,0.575,0.005,0.01,0.041,0.139,0.172,0.8,0,1,0,25.5634920634921,0.15,0.02,0.52,0.12,0.59,0
"441","30Q235","Academy for New Americans","2020-21",74,0.405,0.054,0.014,0.77,0.014,0.014,0.135,0,1,0.91,0,1,0,15.9444444444444,0.9,0,0.91,0.03,1,0
"442","30Q286","Young Women's Leadership School, Astoria","2020-21",597,1,0.335,0.075,0.412,0.008,0.012,0.157,0.159,0.035,0.76,0,0.47571189279732,0.52428810720268,27.3888888888889,0.11,0.05,0.64,0.19,0.66,0.08
"443","30Q291","Hunters Point Community Middle School","2020-21",417,0.489,0.134,0.101,0.532,0.017,0.005,0.204,0.23,0.077,0.66,0,1,0,23.6666666666667,0.42,0.05,0.77,0.1,0.94,0
"444","30Q300","The 30th Avenue School (G&T Citywide)","2020-21",534,0.502,0.498,0.047,0.084,0.067,0.009,0.294,0.062,0.043,0.25,0.556179775280899,0.353932584269663,0,25.25,0.54,0.02,0.51,0.08,0.84,0.04
"445","30Q580","Baccalaureate School for Global Education","2020-21",579,0.577,0.434,0.041,0.178,0.045,0.005,0.297,0.112,0.017,0.38,0,0.203799654576857,0.796200345423143,27.25,0.11,0.13,0.34,0.33,0.7,0
"446","31R002","I.S. R002 George L. Egbert","2020-21",986,0.498,0.185,0.091,0.3,0.015,0.002,0.406,0.222,0.096,0.69,0,1,0,22.9041666666667,0.15,0.1,0.63,0.16,0.69,0.14
"447","31R007","I.S. 007 Elias Bernstein","2020-21",1195,0.478,0.095,0.005,0.118,0.006,0.005,0.767,0.192,0.023,0.38,0,1,0,23.0826388888889,0.2,0.03,0.85,0.09,0.69,0.04
"448","31R024","I.S. 024 Myra S. Barnes","2020-21",1308,0.47,0.098,0.022,0.178,0.013,0.004,0.683,0.25,0.022,0.47,0,1,0,22.287037037037,0.17,0.1,0.37,0.13,0.82,0.04
"449","31R027","I.S. 027 Anning S. Prall","2020-21",1045,0.464,0.129,0.211,0.422,0.023,0.002,0.212,0.248,0.078,0.75,0,1,0,22.4645833333333,0.33,0.08,0.67,0.13,0.94,0.03
"450","31R028","The Eagle Academy for Young Men of Staten Island","2020-21",343,0,0.041,0.513,0.376,0.012,0.006,0.052,0.417,0.061,0.81,0,0.673469387755102,0.326530612244898,17.1428571428571,0.59,0.12,0.8,0.25,1,0
"451","31R034","I.S. 034 Tottenville","2020-21",1002,0.52,0.05,0.01,0.186,0.013,0.006,0.732,0.293,0.024,0.34,0,1,0,21.8962962962963,0.58,0.04,0.89,0.1,0.99,0.01
"452","31R048","P.S. 048 William G. Wilcox","2020-21",968,0.471,0.232,0.042,0.183,0.022,0.003,0.517,0.201,0.076,0.44,0.587809917355372,0.31198347107438,0,27.1666666666667,0.24,0.04,0.84,0.2,0.81,0
"453","31R049","I.S. 49 Berta A. Dreyfus","2020-21",626,0.55,0.109,0.345,0.454,0.013,0.011,0.069,0.351,0.136,0.88,0,1,0,19.8229166666667,0.17,0.16,0.52,0.25,0.93,0.04
"454","31R051","I.S. 051 Edwin Markham","2020-21",1380,0.48,0.059,0.22,0.488,0.02,0.007,0.205,0.297,0.101,0.72,0,1,0,24.2755102040816,0.1,0.05,0.61,0.15,0.57,0.05
"455","31R061","I.S. 061 William A Morris","2020-21",1001,0.557,0.034,0.327,0.494,0.022,0.003,0.119,0.298,0.121,0.76,0,1,0,23.6104166666667,0.12,0.12,0.42,0.12,0.95,0.09
"456","31R063","Marsh Avenue School for Expeditionary Learning","2020-21",461,0.503,0.145,0.072,0.36,0.022,0,0.395,0.228,0.017,0.53,0,1,0,22.8333333333333,0.26,0.08,0.53,0.11,0.59,0
"457","31R072","I.S. 072 Rocco Laurie","2020-21",1517,0.453,0.242,0.042,0.252,0.02,0.004,0.438,0.238,0.063,0.61,0,1,0,20.4777777777778,0.2,0.05,0.72,0.16,0.94,0.08
"458","31R075","I.S. 075 Frank D. Paulo","2020-21",1446,0.474,0.12,0.02,0.142,0.012,0.005,0.7,0.222,0.017,0.31,0,1,0,20.793970959596,0.15,0.06,0.81,0.1,0.93,0
"459","31R080","The Michael J. Petrides School","2020-21",1376,0.472,0.104,0.202,0.295,0.02,0.001,0.368,0.289,0.015,0.45,0.373546511627907,0.207122093023256,0.364825581395349,26.1538461538462,0.07,0.06,0.41,0.18,0.45,0.05
"460","31R861","Staten Island School of Civic Leadership","2020-21",878,0.516,0.151,0.222,0.402,0.039,0.009,0.174,0.235,0.065,0.75,0.57630979498861,0.314350797266515,0,26.6916666666667,0.09,0.02,0.66,0.23,0.73,0.13
"461","32K045","P.S./I.S. 045 Horace E. Greene","2020-21",572,0.533,0.03,0.434,0.491,0.002,0.007,0.035,0.226,0.147,0.86,0.561188811188811,0.365384615384615,0,19.8333333333333,0.08,0.05,0.47,0.22,0.71,0
"462","32K162","J.H.S. 162 The Willoughby","2020-21",327,0.489,0.037,0.073,0.856,0,0.006,0.028,0.232,0.232,0.84,0,1,0,16.2037037037037,0.16,0,0.74,0.12,1,0.06
"463","32K291","J.H.S. 291 Roland Hayes","2020-21",306,0.484,0.013,0.095,0.879,0,0.003,0.01,0.225,0.405,0.91,0,1,0,17.0416666666667,0.14,0,0.48,0.22,0.94,0.06
"464","32K347","I.S. 347 School of Humanities","2020-21",248,0.456,0.004,0.052,0.931,0,0.004,0.008,0.214,0.302,0.92,0,1,0,18.5595238095238,0.16,0.15,0.51,0.13,0.83,0
"465","32K349","I.S. 349 Math, Science & Tech.","2020-21",278,0.464,0.018,0.112,0.849,0,0.004,0.018,0.245,0.209,0.91,0,1,0,18.1458333333333,0.18,0.11,0.54,0.15,0.8,0.04
"466","32K383","J.H.S. 383 Philippa Schuyler","2020-21",893,0.512,0.032,0.309,0.629,0.006,0.003,0.018,0.175,0.056,0.83,0.0279955207166853,0.972004479283315,0,20.9444444444444,0.12,0.03,0.65,0.18,0.69,0.16
"467","32K384","P.S. /I.S. 384 Frances E. Carter","2020-21",405,0.486,0.012,0.158,0.82,0,0.002,0.007,0.272,0.23,0.87,0.530864197530864,0.382716049382716,0,17.1785714285714,0.04,0,0.72,0.14,0.82,0.03
"468","32K554","All City Leadership Secondary School","2020-21",431,0.51,0.058,0.088,0.731,0.005,0.005,0.114,0.169,0.035,0.8,0,0.415313225058005,0.584686774941995,29.1,0.07,0.07,0.33,0.11,0.74,0.08
"469","32K562","Evergreen Middle School for Urban Exploration","2020-21",366,0.475,0.003,0.199,0.768,0,0,0.03,0.224,0.18,0.87,0,1,0,18.5833333333333,0.3,0.01,0.76,0.11,1,0.08
